,calories,protein,carbs,fat,iron,vitamin_c
calories,1.0,0.41214887860910815,0.5795579606814429,0.3626103824875037,0.3721096338832894,-0.10505628119590062
protein,0.41214887860910815,1.0,0.30322988388300276,0.3442222236229733,0.7124626071930394,-0.15069529159520392
carbs,0.5795579606814429,0.30322988388300276,1.0,0.21810715393942048,0.4162076417544771,-0.09789179118367812
fat,0.3626103824875037,0.3442222236229733,0.21810715393942048,1.0,0.25450298501160434,-0.19899358091722322
iron,0.3721096338832894,0.7124626071930394,0.4162076417544771,0.25450298501160434,1.0,-0.06620799400024652
vitamin_c,-0.10505628119590062,-0.15069529159520392,-0.09789179118367812,-0.19899358091722322,-0.06620799400024652,1.0
