mean_fit_time,std_fit_time,mean_score_time,std_score_time,param_colsample_bytree,param_learning_rate,param_max_depth,param_n_estimators,param_scale_pos_weight,param_subsample,params,split0_test_score,split1_test_score,split2_test_score,split3_test_score,split4_test_score,mean_test_score,std_test_score,rank_test_score
0.09773688316345215,0.01474546268527228,0.008330202102661133,0.0049508202737872,0.8,0.01,3,100,1,0.8,"{'colsample_bytree': 0.8, 'learning_rate': 0.01, 'max_depth': 3, 'n_estimators': 100, 'scale_pos_weight': 1, 'subsample': 0.8}",0.8313449258891854,0.828490527877031,0.8445370361452745,0.8207556028546388,0.8293224085292447,0.830890100259075,0.007711930602032375,362
0.06947274208068847,0.004130847411406633,0.005843544006347656,0.0007136815008594958,0.8,0.01,3,100,1,1.0,"{'colsample_bytree': 0.8, 'learning_rate': 0.01, 'max_depth': 3, 'n_estimators': 100, 'scale_pos_weight': 1, 'subsample': 1.0}",0.8314857797767526,0.8292646223189606,0.8435859714343501,0.8192338993171596,0.8304937831668768,0.83081281120282,0.007748243377250793,363
0.1093742847442627,0.01613608733045261,0.007201194763183594,0.00342847848961045,0.8,0.01,3,100,2,0.8,"{'colsample_bytree': 0.8, 'learning_rate': 0.01, 'max_depth': 3, 'n_estimators': 100, 'scale_pos_weight': 2, 'subsample': 0.8}",0.8313966927025648,0.8281161213895658,0.8455663530159587,0.8211625140853888,0.8301554930608392,0.8312794348508635,0.00797184624834922,354
0.07008309364318847,0.002489167552959179,0.005796575546264648,0.00040276647209477233,0.8,0.01,3,100,2,1.0,"{'colsample_bytree': 0.8, 'learning_rate': 0.01, 'max_depth': 3, 'n_estimators': 100, 'scale_pos_weight': 2, 'subsample': 1.0}",0.831509857364371,0.8278825687896678,0.8456987797478595,0.8198731592684265,0.8298376689042771,0.8309604068149203,0.008380718562266638,361
0.10418596267700195,0.0031907691415850137,0.005390071868896484,0.00047906032153419647,0.8,0.01,3,100,4,0.8,"{'colsample_bytree': 0.8, 'learning_rate': 0.01, 'max_depth': 3, 'n_estimators': 100, 'scale_pos_weight': 4, 'subsample': 0.8}",0.8311149849274302,0.8290118076489681,0.8478176074582737,0.8215874835068524,0.8291165451551078,0.8317296857393265,0.008675006783564651,349
0.06817793846130371,0.0013279194786643756,0.004801607131958008,0.0004005950542234652,0.8,0.01,3,100,4,1.0,"{'colsample_bytree': 0.8, 'learning_rate': 0.01, 'max_depth': 3, 'n_estimators': 100, 'scale_pos_weight': 4, 'subsample': 1.0}",0.8302205025474088,0.8298184068341824,0.8473312401883831,0.8205220502547409,0.8288805847964481,0.8313545569242325,0.00874487259353021,351
0.09876360893249511,0.0028568616032563533,0.005200672149658203,0.00039885267494443004,0.8,0.01,3,100,6,0.8,"{'colsample_bytree': 0.8, 'learning_rate': 0.01, 'max_depth': 3, 'n_estimators': 100, 'scale_pos_weight': 6, 'subsample': 0.8}",0.8316170026292725,0.829202020591153,0.8489685161464302,0.8219751326675078,0.8282401209658001,0.8320005586000327,0.009061352766510024,345
0.07127199172973633,0.0018489398015499494,0.006103944778442383,0.0010177482817911344,0.8,0.01,3,100,6,1.0,"{'colsample_bytree': 0.8, 'learning_rate': 0.01, 'max_depth': 3, 'n_estimators': 100, 'scale_pos_weight': 6, 'subsample': 1.0}",0.8305780547235412,0.8272336778033536,0.8478332578902255,0.8200091976384702,0.8292826805096745,0.8309873737130531,0.009181153713674168,358
0.178566312789917,0.004615140031140101,0.007248544692993164,0.0011176440743223444,0.8,0.01,3,200,1,0.8,"{'colsample_bytree': 0.8, 'learning_rate': 0.01, 'max_depth': 3, 'n_estimators': 200, 'scale_pos_weight': 1, 'subsample': 0.8}",0.8412034941395152,0.8416429101135499,0.8502446282902023,0.8235654573296993,0.8389317737477247,0.8391176527241383,0.008676895494603426,257
0.12844448089599608,0.004128772459557559,0.006199169158935547,0.0003993299649456979,0.8,0.01,3,200,1,1.0,"{'colsample_bytree': 0.8, 'learning_rate': 0.01, 'max_depth': 3, 'n_estimators': 200, 'scale_pos_weight': 1, 'subsample': 1.0}",0.8376785353121899,0.8402897496893991,0.8475575695119955,0.8224928008013022,0.8368225770723581,0.8369682464774488,0.008163705080959089,293
0.18681178092956544,0.010110268206996537,0.006400680541992188,0.0004911757337412415,0.8,0.01,3,200,2,0.8,"{'colsample_bytree': 0.8, 'learning_rate': 0.01, 'max_depth': 3, 'n_estimators': 200, 'scale_pos_weight': 2, 'subsample': 0.8}",0.8420004622896822,0.8418126571062593,0.8517916132946808,0.8249354720651829,0.8392483940249058,0.8399577197561422,0.008646683694852999,239
0.12267527580261231,0.0033742282196312216,0.006801128387451172,0.0004003082449050328,0.8,0.01,3,200,2,1.0,"{'colsample_bytree': 0.8, 'learning_rate': 0.01, 'max_depth': 3, 'n_estimators': 200, 'scale_pos_weight': 2, 'subsample': 1.0}",0.8387836965838719,0.8401187988173089,0.848478537238397,0.8244370660014833,0.8385031926881181,0.8380642582658359,0.007734196368416428,276
0.18427424430847167,0.005091353218940179,0.007599353790283203,0.00101866605034784,0.8,0.01,3,200,4,0.8,"{'colsample_bytree': 0.8, 'learning_rate': 0.01, 'max_depth': 3, 'n_estimators': 200, 'scale_pos_weight': 4, 'subsample': 0.8}",0.8427083433656615,0.8435546705704462,0.8529352987065519,0.8259816432471998,0.8404968169429168,0.8411353545665552,0.008690325223407947,216
0.1311976432800293,0.004997622078208065,0.008001995086669923,0.001414449059069424,0.8,0.01,3,200,4,1.0,"{'colsample_bytree': 0.8, 'learning_rate': 0.01, 'max_depth': 3, 'n_estimators': 200, 'scale_pos_weight': 4, 'subsample': 1.0}",0.8390028026311989,0.8413274937157497,0.8498991149078792,0.8240277470119713,0.8393735974805212,0.8387261511494641,0.008344350295583657,268
0.19368772506713866,0.011732742872364617,0.008801031112670898,0.0017191210119403967,0.8,0.01,3,200,6,0.8,"{'colsample_bytree': 0.8, 'learning_rate': 0.01, 'max_depth': 3, 'n_estimators': 200, 'scale_pos_weight': 6, 'subsample': 0.8}",0.8428299351831341,0.8440578921516695,0.853241084069305,0.8254531401989772,0.8403993027130626,0.8411962708632297,0.008993515241794326,212
0.1335360050201416,0.006056627990181243,0.007999706268310546,0.0026075837506861523,0.8,0.01,3,200,6,1.0,"{'colsample_bytree': 0.8, 'learning_rate': 0.01, 'max_depth': 3, 'n_estimators': 200, 'scale_pos_weight': 6, 'subsample': 1.0}",0.839782916470033,0.8414575126888887,0.8508032283229479,0.8243552022035808,0.8406172048810086,0.8394032129132917,0.008511651737667277,249
0.2995718002319336,0.013160235840078735,0.008212661743164063,0.0006626082653800505,0.8,0.01,3,300,1,0.8,"{'colsample_bytree': 0.8, 'learning_rate': 0.01, 'max_depth': 3, 'n_estimators': 300, 'scale_pos_weight': 1, 'subsample': 0.8}",0.8457011875066214,0.8489913898546677,0.8544678371584595,0.8267087863932737,0.8444455413123249,0.8440629484450695,0.009343964778515932,138
0.19230895042419432,0.00944979450468173,0.008600091934204102,0.0007998832767251193,0.8,0.01,3,300,1,1.0,"{'colsample_bytree': 0.8, 'learning_rate': 0.01, 'max_depth': 3, 'n_estimators': 300, 'scale_pos_weight': 1, 'subsample': 1.0}",0.843282593830359,0.8480078204004584,0.8518542150224884,0.8256493725380667,0.8434090011653552,0.8424406005913456,0.008980001836132378,174
0.283762788772583,0.013538573985535566,0.008599615097045899,0.0010196373603286002,0.8,0.01,3,300,2,0.8,"{'colsample_bytree': 0.8, 'learning_rate': 0.01, 'max_depth': 3, 'n_estimators': 300, 'scale_pos_weight': 2, 'subsample': 0.8}",0.8468484845566353,0.849507854109081,0.8556295807610443,0.8275502980805347,0.8451040633336864,0.8449280561681963,0.00939364335773269,116
0.19383182525634765,0.00806169836492286,0.009556388854980469,0.0007504390509444034,0.8,0.01,3,300,2,1.0,"{'colsample_bytree': 0.8, 'learning_rate': 0.01, 'max_depth': 3, 'n_estimators': 300, 'scale_pos_weight': 2, 'subsample': 1.0}",0.8445274051102272,0.8485736437094894,0.8521575926264797,0.8268436208839364,0.8434475253055446,0.8431099575271354,0.008699751548588566,165
0.2703972816467285,0.009376461584964496,0.008132219314575195,0.0003859732449759224,0.8,0.01,3,300,4,0.8,"{'colsample_bytree': 0.8, 'learning_rate': 0.01, 'max_depth': 3, 'n_estimators': 300, 'scale_pos_weight': 4, 'subsample': 0.8}",0.8470808332771523,0.8501748032861092,0.8560545501825081,0.8283761593358439,0.8454158680933439,0.8454204428349914,0.00926231828135543,101
0.1885995864868164,0.009316226878054282,0.008378267288208008,0.0007841087959274628,0.8,0.01,3,300,4,1.0,"{'colsample_bytree': 0.8, 'learning_rate': 0.01, 'max_depth': 3, 'n_estimators': 300, 'scale_pos_weight': 4, 'subsample': 1.0}",0.8455795956891489,0.8495331355760803,0.8538406160010016,0.8274395411774904,0.8441578141402857,0.8441101405168014,0.008990678307795642,136
0.28475565910339357,0.005174931651100129,0.009058094024658203,0.0013606247189219282,0.8,0.01,3,300,6,0.8,"{'colsample_bytree': 0.8, 'learning_rate': 0.01, 'max_depth': 3, 'n_estimators': 300, 'scale_pos_weight': 6, 'subsample': 0.8}",0.8468846009380628,0.8501290558696344,0.8562182777783128,0.828112509751423,0.8451449952326376,0.8452978879140142,0.009385876150766715,106
0.18684206008911133,0.008787678899251172,0.009809303283691406,0.0012809989384868542,0.8,0.01,3,300,6,1.0,"{'colsample_bytree': 0.8, 'learning_rate': 0.01, 'max_depth': 3, 'n_estimators': 300, 'scale_pos_weight': 6, 'subsample': 1.0}",0.8461020793404668,0.8504288218354826,0.8551215436622973,0.8272601631497337,0.845138975835733,0.8448103167647428,0.009462278357881704,118
0.14773201942443848,0.005077272581140292,0.006308412551879883,0.00040658321050047455,0.8,0.01,5,100,1,0.8,"{'colsample_bytree': 0.8, 'learning_rate': 0.01, 'max_depth': 5, 'n_estimators': 100, 'scale_pos_weight': 1, 'subsample': 0.8}",0.8461911664146546,0.8475334919243771,0.8561135402721731,0.8261465747223854,0.8437629417033448,0.8439495430073871,0.009826626019145862,141
0.12321991920471191,0.006878029099547351,0.008076333999633789,0.00300704218150276,0.8,0.01,5,100,1,1.0,"{'colsample_bytree': 0.8, 'learning_rate': 0.01, 'max_depth': 5, 'n_estimators': 100, 'scale_pos_weight': 1, 'subsample': 1.0}",0.844980063757452,0.844558705974131,0.8552672130673884,0.8248162880064721,0.8434980882395432,0.8426240718089973,0.009869382928755577,173
0.15558714866638185,0.004835600842619388,0.007941865921020507,0.001696633840303384,0.8,0.01,5,100,2,0.8,"{'colsample_bytree': 0.8, 'learning_rate': 0.01, 'max_depth': 5, 'n_estimators': 100, 'scale_pos_weight': 2, 'subsample': 0.8}",0.845355674124298,0.8462224672785585,0.856160491568029,0.8260610992863403,0.8429105951016556,0.8433420654717763,0.009751731548208152,155
0.133933687210083,0.011090599661330197,0.006858253479003906,0.0007015962222642154,0.8,0.01,5,100,2,1.0,"{'colsample_bytree': 0.8, 'learning_rate': 0.01, 'max_depth': 5, 'n_estimators': 100, 'scale_pos_weight': 2, 'subsample': 1.0}",0.8445659292504165,0.8431104390788877,0.8557138523177086,0.8250691026764645,0.8423736648977665,0.8421665976442487,0.009823878551962697,182
0.17799577713012696,0.010616645249531634,0.007850408554077148,0.0017778855762828432,0.8,0.01,5,100,4,0.8,"{'colsample_bytree': 0.8, 'learning_rate': 0.01, 'max_depth': 5, 'n_estimators': 100, 'scale_pos_weight': 4, 'subsample': 0.8}",0.8440001059413855,0.8458576918261406,0.85662157737092,0.8258925561730118,0.8419149868536371,0.8428573836330191,0.009883867413313758,170
0.1417616844177246,0.006305000006363576,0.007415866851806641,0.0013487602520938396,0.8,0.01,5,100,4,1.0,"{'colsample_bytree': 0.8, 'learning_rate': 0.01, 'max_depth': 5, 'n_estimators': 100, 'scale_pos_weight': 4, 'subsample': 1.0}",0.8425494312873805,0.8423592183451956,0.8563964519266887,0.824510502643719,0.8412311833652764,0.8414093575136519,0.010123418836503098,207
0.17147369384765626,0.014154886677646987,0.007472181320190429,0.0015871570589097808,0.8,0.01,5,100,6,0.8,"{'colsample_bytree': 0.8, 'learning_rate': 0.01, 'max_depth': 5, 'n_estimators': 100, 'scale_pos_weight': 6, 'subsample': 0.8}",0.8433175063324055,0.8451004516955438,0.8564361799462589,0.8252749660506015,0.8403643902110159,0.842098698847165,0.010021029765161775,185
0.15076069831848143,0.019245308247303975,0.007516098022460937,0.0011908554845593826,0.8,0.01,5,100,6,1.0,"{'colsample_bytree': 0.8, 'learning_rate': 0.01, 'max_depth': 5, 'n_estimators': 100, 'scale_pos_weight': 6, 'subsample': 1.0}",0.8410806984426615,0.842672226984234,0.85538760100548,0.8245333763519566,0.8396673440494649,0.8406682493667594,0.009820196452758556,227
0.34851846694946287,0.04369683055844462,0.012503480911254883,0.0051417875287241635,0.8,0.01,5,200,1,0.8,"{'colsample_bytree': 0.8, 'learning_rate': 0.01, 'max_depth': 5, 'n_estimators': 200, 'scale_pos_weight': 1, 'subsample': 0.8}",0.8491503019329488,0.8511078098063198,0.8590871223430382,0.8290792248942994,0.846170700465179,0.8469190318883569,0.009893488416886644,70
0.28238983154296876,0.03255192782163416,0.009192276000976562,0.0014682695366182038,0.8,0.01,5,200,1,1.0,"{'colsample_bytree': 0.8, 'learning_rate': 0.01, 'max_depth': 5, 'n_estimators': 200, 'scale_pos_weight': 1, 'subsample': 1.0}",0.8477176854696575,0.8493092140112297,0.85618818079379,0.8282822567441323,0.8447236374493166,0.8452441948936252,0.009277841228208924,108
0.3661789417266846,0.0454646818929326,0.011217975616455078,0.0026665817987045217,0.8,0.01,5,200,2,0.8,"{'colsample_bytree': 0.8, 'learning_rate': 0.01, 'max_depth': 5, 'n_estimators': 200, 'scale_pos_weight': 2, 'subsample': 0.8}",0.8481101501478362,0.8504854041663857,0.8594482861573133,0.8289636524737314,0.8463043310764607,0.8466623648043454,0.00993543258767275,73
0.2814317226409912,0.04796753918223681,0.009661197662353516,0.0013973690669808914,0.8,0.01,5,200,2,1.0,"{'colsample_bytree': 0.8, 'learning_rate': 0.01, 'max_depth': 5, 'n_estimators': 200, 'scale_pos_weight': 2, 'subsample': 1.0}",0.8465715922990242,0.8482281303271663,0.8564265489112115,0.827995733451474,0.8446201038225578,0.8447684217622868,0.009300301149337845,119
0.3460270881652832,0.03478859615947921,0.010390615463256836,0.0018106864494520692,0.8,0.01,5,200,4,0.8,"{'colsample_bytree': 0.8, 'learning_rate': 0.01, 'max_depth': 5, 'n_estimators': 200, 'scale_pos_weight': 4, 'subsample': 0.8}",0.84646083539598,0.8492923596998969,0.8592821508027468,0.8281931696699445,0.8452148202367309,0.8456886671610597,0.010046716922294776,98
0.2618566989898682,0.022035814991094492,0.010123062133789062,0.0024096740504768914,0.8,0.01,5,200,4,1.0,"{'colsample_bytree': 0.8, 'learning_rate': 0.01, 'max_depth': 5, 'n_estimators': 200, 'scale_pos_weight': 4, 'subsample': 1.0}",0.844238474058807,0.8470326781019156,0.857188604559332,0.8281426067359459,0.8450799857460681,0.8443364698404137,0.009330064599390881,131
0.3195484638214111,0.006461287311417287,0.009245014190673828,0.0005810829173145663,0.8,0.01,5,200,6,0.8,"{'colsample_bytree': 0.8, 'learning_rate': 0.01, 'max_depth': 5, 'n_estimators': 200, 'scale_pos_weight': 6, 'subsample': 0.8}",0.8455230133582455,0.848536323448681,0.8590281322533733,0.8281787231173734,0.8437075632518225,0.844994751085899,0.009941762740875056,115
0.27814593315124514,0.02399757605604294,0.014664602279663087,0.006838392792711008,0.8,0.01,5,200,6,1.0,"{'colsample_bytree': 0.8, 'learning_rate': 0.01, 'max_depth': 5, 'n_estimators': 200, 'scale_pos_weight': 6, 'subsample': 1.0}",0.8417307933083569,0.8468340380040644,0.8558017355125156,0.8274419489362521,0.8442420856969499,0.8432101202916279,0.00920402240622121,161
0.48723735809326174,0.03324629731793111,0.013932943344116211,0.0029453612301464484,0.8,0.01,5,300,1,0.8,"{'colsample_bytree': 0.8, 'learning_rate': 0.01, 'max_depth': 5, 'n_estimators': 300, 'scale_pos_weight': 1, 'subsample': 0.8}",0.849714921362599,0.852599416359276,0.8604318556115226,0.8293958451714806,0.847912713929366,0.8480109504868489,0.01024468853843257,45
0.4392209529876709,0.0844311578359198,0.01363530158996582,0.002102299921645581,0.8,0.01,5,300,1,1.0,"{'colsample_bytree': 0.8, 'learning_rate': 0.01, 'max_depth': 5, 'n_estimators': 300, 'scale_pos_weight': 1, 'subsample': 1.0}",0.8484508480126359,0.8504420645086728,0.8572006433531412,0.8294102917240516,0.847608132445994,0.8466223960088991,0.009241868115159188,77
0.5332200527191162,0.048812662248596726,0.013312959671020507,0.0025772136200986656,0.8,0.01,5,300,2,0.8,"{'colsample_bytree': 0.8, 'learning_rate': 0.01, 'max_depth': 5, 'n_estimators': 300, 'scale_pos_weight': 2, 'subsample': 0.8}",0.8486169833672024,0.8526692413633692,0.8603656422455721,0.8297979408847069,0.8479283643613178,0.8478756344444337,0.010063144093915937,52
0.4295375347137451,0.04360949902735048,0.012693405151367188,0.0012834564132585076,0.8,0.01,5,300,2,1.0,"{'colsample_bytree': 0.8, 'learning_rate': 0.01, 'max_depth': 5, 'n_estimators': 300, 'scale_pos_weight': 2, 'subsample': 1.0}",0.8475575695119953,0.8503722395045796,0.8575329140622743,0.8288191869480214,0.8469122901638239,0.8462388400381389,0.009489762857825964,86
0.5276885986328125,0.05491011098866337,0.014332866668701172,0.0022762696144591975,0.8,0.01,5,300,4,0.8,"{'colsample_bytree': 0.8, 'learning_rate': 0.01, 'max_depth': 5, 'n_estimators': 300, 'scale_pos_weight': 4, 'subsample': 0.8}",0.8469315522339186,0.8514966628463561,0.8602645163775751,0.8296763490672342,0.8461297685662278,0.8468997698182623,0.009969834607689581,71
0.4417253494262695,0.05002403844155983,0.013512182235717773,0.00245912917445273,0.8,0.01,5,300,4,1.0,"{'colsample_bytree': 0.8, 'learning_rate': 0.01, 'max_depth': 5, 'n_estimators': 300, 'scale_pos_weight': 4, 'subsample': 1.0}",0.8447224335699356,0.8492261463339466,0.8575028170777514,0.8280715778524718,0.8465800194546907,0.8452205988577592,0.00962374573064609,109
0.5642748832702636,0.0529805506198611,0.01894841194152832,0.013479503903922078,0.8,0.01,5,300,6,0.8,"{'colsample_bytree': 0.8, 'learning_rate': 0.01, 'max_depth': 5, 'n_estimators': 300, 'scale_pos_weight': 6, 'subsample': 0.8}",0.8458167599271893,0.8512920033516002,0.8600562452446766,0.8290840404118232,0.8445382400246555,0.846157457791989,0.010136857234953897,90
0.43004536628723145,0.0263885001073639,0.013253307342529297,0.0014981750278052982,0.8,0.01,5,300,6,1.0,"{'colsample_bytree': 0.8, 'learning_rate': 0.01, 'max_depth': 5, 'n_estimators': 300, 'scale_pos_weight': 6, 'subsample': 1.0}",0.8422207722163901,0.8491731756411861,0.8564614614132581,0.8276550355866745,0.8455133823231983,0.8442047654361413,0.009533666257893704,133
0.3198244094848633,0.0499929170975087,0.012914037704467774,0.005322925804182259,0.8,0.01,7,100,1,0.8,"{'colsample_bytree': 0.8, 'learning_rate': 0.01, 'max_depth': 7, 'n_estimators': 100, 'scale_pos_weight': 1, 'subsample': 0.8}",0.8458143521684275,0.8444070171721354,0.8583587753175833,0.8253291406227428,0.8441373481908102,0.8436093266943399,0.010559248947177885,143
0.3320122241973877,0.030920031861221595,0.01120452880859375,0.004073387519144171,0.8,0.01,7,100,1,1.0,"{'colsample_bytree': 0.8, 'learning_rate': 0.01, 'max_depth': 7, 'n_estimators': 100, 'scale_pos_weight': 1, 'subsample': 1.0}",0.8434487291849255,0.8408555729984302,0.8579205632229295,0.8254146160587879,0.8424242278317652,0.8420127418593676,0.010316268518260221,189
0.34465951919555665,0.010674646389079126,0.010836029052734375,0.002227601205563862,0.8,0.01,7,100,2,0.8,"{'colsample_bytree': 0.8, 'learning_rate': 0.01, 'max_depth': 7, 'n_estimators': 100, 'scale_pos_weight': 2, 'subsample': 0.8}",0.8438556404156756,0.8448945883214067,0.8575317101828934,0.8254639751134054,0.8436413498858722,0.8430774527838507,0.010231184585363502,167
0.34971184730529786,0.03428437478861695,0.009263086318969726,0.0007200707868894011,0.8,0.01,7,100,2,1.0,"{'colsample_bytree': 0.8, 'learning_rate': 0.01, 'max_depth': 7, 'n_estimators': 100, 'scale_pos_weight': 2, 'subsample': 1.0}",0.8423158786874826,0.8403114195182556,0.8580313201259739,0.8228407219423871,0.8405606225501056,0.8408119925648408,0.011153898360413875,221
0.3717638969421387,0.03178837811853458,0.010365152359008789,0.0012238231345446872,0.8,0.01,7,100,4,0.8,"{'colsample_bytree': 0.8, 'learning_rate': 0.01, 'max_depth': 7, 'n_estimators': 100, 'scale_pos_weight': 4, 'subsample': 0.8}",0.8408736311891438,0.8432693511571688,0.8562423553659312,0.8232416137762325,0.842236422648342,0.8411726748273637,0.010528392660895914,213
0.37662744522094727,0.040617154974306666,0.009169769287109376,0.0005245541518665525,0.8,0.01,7,100,4,1.0,"{'colsample_bytree': 0.8, 'learning_rate': 0.01, 'max_depth': 7, 'n_estimators': 100, 'scale_pos_weight': 4, 'subsample': 1.0}",0.838332241816028,0.8414045419961282,0.8535444616732959,0.8225566064084906,0.8390304918569599,0.8389736687501805,0.00988080709713966,262
0.3679771423339844,0.038185837378792116,0.010593080520629882,0.0027228352326335533,0.8,0.01,7,100,6,0.8,"{'colsample_bytree': 0.8, 'learning_rate': 0.01, 'max_depth': 7, 'n_estimators': 100, 'scale_pos_weight': 6, 'subsample': 0.8}",0.8389149194363918,0.8424242278317651,0.8557608036135644,0.8215646097986151,0.8410879217189471,0.8399504964798566,0.010922382006746624,240
0.32514176368713377,0.029803096783151788,0.019962358474731445,0.014040411541914223,0.8,0.01,7,100,6,1.0,"{'colsample_bytree': 0.8, 'learning_rate': 0.01, 'max_depth': 7, 'n_estimators': 100, 'scale_pos_weight': 6, 'subsample': 1.0}",0.8363578796313239,0.8394446263639954,0.8506202386570485,0.8213695813389066,0.8384213288902158,0.837242730976298,0.009358792543948335,288
0.6856972217559815,0.05831781466947492,0.0162020206451416,0.0030585957987567312,0.8,0.01,7,200,1,0.8,"{'colsample_bytree': 0.8, 'learning_rate': 0.01, 'max_depth': 7, 'n_estimators': 200, 'scale_pos_weight': 1, 'subsample': 0.8}",0.8455844112066726,0.8457589737169053,0.8593098400285079,0.8261092544615769,0.8443432115649468,0.844221138195722,0.010582510181407608,132
0.581095552444458,0.029833768112654705,0.013283681869506837,0.0003910875062007508,0.8,0.01,7,200,1,1.0,"{'colsample_bytree': 0.8, 'learning_rate': 0.01, 'max_depth': 7, 'n_estimators': 200, 'scale_pos_weight': 1, 'subsample': 1.0}",0.8425458196492377,0.84316581753041,0.8570357118779556,0.8247512785199025,0.8420293553948243,0.841905596594466,0.010248945074522548,193
0.7153578281402588,0.0937474040240597,0.014995098114013672,0.0030872287649143636,0.8,0.01,7,200,2,0.8,"{'colsample_bytree': 0.8, 'learning_rate': 0.01, 'max_depth': 7, 'n_estimators': 200, 'scale_pos_weight': 2, 'subsample': 0.8}",0.8434679912550201,0.8458360219972839,0.8589631227668036,0.8259768277296761,0.8428046537161349,0.8434097234929837,0.010507811500632565,152
0.6226552963256836,0.05590529440786212,0.013294839859008789,0.0019371485730670071,0.8,0.01,7,200,2,1.0,"{'colsample_bytree': 0.8, 'learning_rate': 0.01, 'max_depth': 7, 'n_estimators': 200, 'scale_pos_weight': 2, 'subsample': 1.0}",0.839885246217411,0.8420377825504908,0.8565950920245399,0.823292176710231,0.8417006963238338,0.8407021987653012,0.010574886448513243,225
0.7185355663299561,0.02558834973658833,0.017033958435058595,0.005523966701539016,0.8,0.01,7,200,4,0.8,"{'colsample_bytree': 0.8, 'learning_rate': 0.01, 'max_depth': 7, 'n_estimators': 200, 'scale_pos_weight': 4, 'subsample': 0.8}",0.8402319634791152,0.8433006520210726,0.8577159037281736,0.8249607535321822,0.8420967726401556,0.8416612090801397,0.010407484494442922,201
0.610550832748413,0.05620746114431976,0.014780235290527344,0.0028975310030189432,0.8,0.01,7,200,4,1.0,"{'colsample_bytree': 0.8, 'learning_rate': 0.01, 'max_depth': 7, 'n_estimators': 200, 'scale_pos_weight': 4, 'subsample': 1.0}",0.835674076142963,0.8404402346120137,0.8535625198640098,0.8215573865223295,0.8405582147913436,0.838358486386532,0.010293863509063845,273
0.6631734371185303,0.03560516111397847,0.01454300880432129,0.0016845629901290607,0.8,0.01,7,200,6,0.8,"{'colsample_bytree': 0.8, 'learning_rate': 0.01, 'max_depth': 7, 'n_estimators': 200, 'scale_pos_weight': 6, 'subsample': 0.8}",0.8383358534541707,0.8424025580029086,0.8559365700031782,0.8228948965145283,0.8410566208550433,0.8401252997659657,0.010546453857793051,235
0.5975031375885009,0.0609630710789833,0.013851451873779296,0.0016953089828866913,0.8,0.01,7,200,6,1.0,"{'colsample_bytree': 0.8, 'learning_rate': 0.01, 'max_depth': 7, 'n_estimators': 200, 'scale_pos_weight': 6, 'subsample': 1.0}",0.8331290751317044,0.8378422629079948,0.8496896398955995,0.8199658579807572,0.8385657944159259,0.8358385260663963,0.009618617622243232,307
0.8713869094848633,0.04272615868306353,0.021808767318725587,0.006596234882948087,0.8,0.01,7,300,1,0.8,"{'colsample_bytree': 0.8, 'learning_rate': 0.01, 'max_depth': 7, 'n_estimators': 300, 'scale_pos_weight': 1, 'subsample': 0.8}",0.8457541581993817,0.8461731082239409,0.8602175650817194,0.8265546898325162,0.8439676011981008,0.8445334245071319,0.01071191930065995,126
0.8136133193969727,0.03170043539721618,0.023633241653442383,0.0038760870503539084,0.8,0.01,7,300,1,1.0,"{'colsample_bytree': 0.8, 'learning_rate': 0.01, 'max_depth': 7, 'n_estimators': 300, 'scale_pos_weight': 1, 'subsample': 1.0}",0.841816268744402,0.8448392098698847,0.8578206412343135,0.8235245254307481,0.8424338588668123,0.8420869008292321,0.010953366553066451,186
0.9181777000427246,0.031652208148594665,0.021588945388793947,0.004104364031437606,0.8,0.01,7,300,2,0.8,"{'colsample_bytree': 0.8, 'learning_rate': 0.01, 'max_depth': 7, 'n_estimators': 300, 'scale_pos_weight': 2, 'subsample': 0.8}",0.8436256994539203,0.8466450289412604,0.8595144995232639,0.8250979957816066,0.8421280735040595,0.8434022594408221,0.011016708926482448,153
0.8380645275115967,0.05121528499209779,0.023207569122314455,0.005756513919139835,0.8,0.01,7,300,2,1.0,"{'colsample_bytree': 0.8, 'learning_rate': 0.01, 'max_depth': 7, 'n_estimators': 300, 'scale_pos_weight': 2, 'subsample': 1.0}",0.8388234246034422,0.8438688830888657,0.8574811472488949,0.8226444896032976,0.8410493975787577,0.8407734684246515,0.011146899161159785,223
0.9108201026916504,0.04497021907178436,0.01805715560913086,0.0019662543552044533,0.8,0.01,7,300,4,0.8,"{'colsample_bytree': 0.8, 'learning_rate': 0.01, 'max_depth': 7, 'n_estimators': 300, 'scale_pos_weight': 4, 'subsample': 0.8}",0.8400670320039294,0.8448536564224557,0.857985572709499,0.8249150061157072,0.8418704433165433,0.8419383421136271,0.010576512162217997,192
0.8012964248657226,0.05037604866022449,0.016435003280639647,0.0009676844589031398,0.8,0.01,7,300,4,1.0,"{'colsample_bytree': 0.8, 'learning_rate': 0.01, 'max_depth': 7, 'n_estimators': 300, 'scale_pos_weight': 4, 'subsample': 1.0}",0.8352599416359275,0.8416730070980729,0.8527113771417015,0.818910055763693,0.8387993470158237,0.8374707457310437,0.010964377725866342,285
0.8674829959869385,0.04888613833632999,0.017127275466918945,0.0032707567525333465,0.8,0.01,7,300,6,0.8,"{'colsample_bytree': 0.8, 'learning_rate': 0.01, 'max_depth': 7, 'n_estimators': 300, 'scale_pos_weight': 6, 'subsample': 0.8}",0.8380830387841781,0.8444274831216112,0.8560232493186044,0.8231067792855699,0.8400381388987874,0.8403357378817503,0.010628646450767998,234
0.7560814380645752,0.03287996110326304,0.016754865646362305,0.004626222618345712,0.8,0.01,7,300,6,1.0,"{'colsample_bytree': 0.8, 'learning_rate': 0.01, 'max_depth': 7, 'n_estimators': 300, 'scale_pos_weight': 6, 'subsample': 1.0}",0.8319757586847859,0.8396817906020361,0.8486133717290596,0.8180300199362425,0.8374245167628165,0.8351450915429879,0.0101009141737349,312
0.11239585876464844,0.002728205311749312,0.007199382781982422,0.0009728421090730449,0.8,0.05,3,100,1,0.8,"{'colsample_bytree': 0.8, 'learning_rate': 0.05, 'max_depth': 3, 'n_estimators': 100, 'scale_pos_weight': 1, 'subsample': 0.8}",0.850074881297493,0.853922479798904,0.8594747715036934,0.8326679893288131,0.8491864183143761,0.849065308048656,0.008964987605953581,14
0.07979917526245117,0.004212970624148412,0.007403707504272461,0.0013543577323117814,0.8,0.05,3,100,1,1.0,"{'colsample_bytree': 0.8, 'learning_rate': 0.05, 'max_depth': 3, 'n_estimators': 100, 'scale_pos_weight': 1, 'subsample': 1.0}",0.8497233485182653,0.8544341285357938,0.858103552888829,0.8321551367125426,0.8469291444751568,0.8482690622261174,0.008925179806071968,37
0.11713299751281739,0.009056574543496917,0.006999874114990234,0.0015464969158342562,0.8,0.05,3,100,2,0.8,"{'colsample_bytree': 0.8, 'learning_rate': 0.05, 'max_depth': 3, 'n_estimators': 100, 'scale_pos_weight': 2, 'subsample': 0.8}",0.8499942213789716,0.8547411177779276,0.8603716616424767,0.8317494293611734,0.848609760090917,0.8490932380502934,0.009601610342886166,13
0.08000402450561524,0.005289962822094558,0.007599925994873047,0.0012020216843458475,0.8,0.05,3,100,2,1.0,"{'colsample_bytree': 0.8, 'learning_rate': 0.05, 'max_depth': 3, 'n_estimators': 100, 'scale_pos_weight': 2, 'subsample': 1.0}",0.8512161589506024,0.8549915246891584,0.8599298379096803,0.8321972724908746,0.8458673228611879,0.8488404233803009,0.009510931391206597,19
0.12295112609863282,0.018197801153248566,0.00840449333190918,0.0017342814317088844,0.8,0.05,3,100,4,0.8,"{'colsample_bytree': 0.8, 'learning_rate': 0.05, 'max_depth': 3, 'n_estimators': 100, 'scale_pos_weight': 4, 'subsample': 0.8}",0.8496065722183164,0.8540777802390422,0.861339580664734,0.8301904055628859,0.8486097600909169,0.848764819755179,0.010315945078674112,24
0.09137558937072754,0.004316401299301275,0.008165931701660157,0.0034613837865286956,0.8,0.05,3,100,4,1.0,"{'colsample_bytree': 0.8, 'learning_rate': 0.05, 'max_depth': 3, 'n_estimators': 100, 'scale_pos_weight': 4, 'subsample': 1.0}",0.8493248644431817,0.8546592539800253,0.8592965973553177,0.8312124991572845,0.8448271710760755,0.847864077202377,0.009648924230830703,53
0.11963963508605957,0.005434710247680565,0.006595039367675781,0.0010171835627570977,0.8,0.05,3,100,6,0.8,"{'colsample_bytree': 0.8, 'learning_rate': 0.05, 'max_depth': 3, 'n_estimators': 100, 'scale_pos_weight': 6, 'subsample': 0.8}",0.8483003630900213,0.8548615057160194,0.8611108435823598,0.8305058219606861,0.8482654505879746,0.8486087969874123,0.010230623231693908,28
0.10180363655090333,0.02561196629141213,0.007947778701782227,0.0006372007720178995,0.8,0.05,3,100,6,1.0,"{'colsample_bytree': 0.8, 'learning_rate': 0.05, 'max_depth': 3, 'n_estimators': 100, 'scale_pos_weight': 6, 'subsample': 1.0}",0.8477212971078002,0.8543089250801783,0.860673835367087,0.8302120753917422,0.8464957478980266,0.8478823761689668,0.01018930982263928,51
0.20915446281433106,0.005775739268240096,0.008669328689575196,0.002866268238872958,0.8,0.05,3,200,1,0.8,"{'colsample_bytree': 0.8, 'learning_rate': 0.05, 'max_depth': 3, 'n_estimators': 200, 'scale_pos_weight': 1, 'subsample': 0.8}",0.849641484720363,0.8541114888617081,0.8625422561662701,0.8348927584247479,0.8493778351359421,0.8501131646618063,0.008976556907118783,1
0.12622909545898436,0.007028710728333896,0.0070475578308105465,0.0006686510935731812,0.8,0.05,3,200,1,1.0,"{'colsample_bytree': 0.8, 'learning_rate': 0.05, 'max_depth': 3, 'n_estimators': 200, 'scale_pos_weight': 1, 'subsample': 1.0}",0.8495174851441285,0.8548290009727345,0.8623917712436555,0.8338213057757318,0.8471181535379608,0.8495355433348422,0.009445471416504163,4
0.18993120193481444,0.008241137589351976,0.007059335708618164,0.0001100594496088146,0.8,0.05,3,200,2,0.8,"{'colsample_bytree': 0.8, 'learning_rate': 0.05, 'max_depth': 3, 'n_estimators': 200, 'scale_pos_weight': 2, 'subsample': 0.8}",0.8492225346958038,0.8547338945016422,0.8641253575521761,0.8327354065741446,0.8489877782165249,0.8499609943080584,0.010213942503340602,2
0.136430025100708,0.009370380647459214,0.007130289077758789,0.0013271922183768206,0.8,0.05,3,200,2,1.0,"{'colsample_bytree': 0.8, 'learning_rate': 0.05, 'max_depth': 3, 'n_estimators': 200, 'scale_pos_weight': 2, 'subsample': 1.0}",0.8494681260895109,0.8557981238743728,0.8629383324825919,0.8336852674056882,0.8457096146622878,0.8495198929028904,0.009846085207795077,5
0.1973182201385498,0.00860116758105001,0.008568763732910156,0.004525189980060564,0.8,0.05,3,200,4,0.8,"{'colsample_bytree': 0.8, 'learning_rate': 0.05, 'max_depth': 3, 'n_estimators': 200, 'scale_pos_weight': 4, 'subsample': 0.8}",0.8474287544182373,0.8524766206624227,0.8647682291415858,0.8328365324421416,0.8490648264969036,0.8493149926322584,0.010236782095433166,8
0.13785233497619628,0.012921448105507627,0.007970237731933593,0.001995996570653956,0.8,0.05,3,200,4,1.0,"{'colsample_bytree': 0.8, 'learning_rate': 0.05, 'max_depth': 3, 'n_estimators': 200, 'scale_pos_weight': 4, 'subsample': 1.0}",0.8473902302780478,0.8556957941269949,0.8618259479346246,0.832133466883686,0.84493792797912,0.8483966734404946,0.01011029486958741,34
0.19414839744567872,0.010551642334014457,0.007114553451538086,0.0006690750674121976,0.8,0.05,3,200,6,0.8,"{'colsample_bytree': 0.8, 'learning_rate': 0.05, 'max_depth': 3, 'n_estimators': 200, 'scale_pos_weight': 6, 'subsample': 0.8}",0.8467738440350183,0.8534686172722983,0.8639857075439897,0.8324898151804374,0.8472842888925273,0.8488004545848542,0.01024525760357043,21
0.12574434280395508,0.008288086360620015,0.008798885345458984,0.0022299469512007323,0.8,0.05,3,200,6,1.0,"{'colsample_bytree': 0.8, 'learning_rate': 0.05, 'max_depth': 3, 'n_estimators': 200, 'scale_pos_weight': 6, 'subsample': 1.0}",0.8456578478489083,0.856156879929886,0.8640940566882723,0.8321659716269707,0.846866542747349,0.8489882597682772,0.010753203435146854,15
0.2797515869140625,0.010824180963677647,0.008729028701782226,0.0007364232748119317,0.8,0.05,3,300,1,0.8,"{'colsample_bytree': 0.8, 'learning_rate': 0.05, 'max_depth': 3, 'n_estimators': 300, 'scale_pos_weight': 1, 'subsample': 0.8}",0.8470182315493446,0.8530617060415483,0.8637810480492341,0.8354104265585423,0.847738151419133,0.8494019127235605,0.009212658059091739,6
0.18911237716674806,0.01212164637205735,0.009106302261352539,0.00048563793074523346,0.8,0.05,3,300,1,1.0,"{'colsample_bytree': 0.8, 'learning_rate': 0.05, 'max_depth': 3, 'n_estimators': 300, 'scale_pos_weight': 1, 'subsample': 1.0}",0.8475407152006625,0.854184925503944,0.862066723810808,0.8328991341699492,0.8451570340264468,0.8483697065423621,0.009713620895345266,36
0.277539587020874,0.020281513860031644,0.00840134620666504,0.0007996802732912322,0.8,0.05,3,300,2,0.8,"{'colsample_bytree': 0.8, 'learning_rate': 0.05, 'max_depth': 3, 'n_estimators': 300, 'scale_pos_weight': 2, 'subsample': 0.8}",0.8457108185416686,0.8539260914370468,0.8643926187747397,0.8329496971039477,0.8471891824214349,0.8488336816557676,0.010322507240551292,20
0.1778158187866211,0.004068113258047542,0.011046075820922851,0.005051863942541561,0.8,0.05,3,300,2,1.0,"{'colsample_bytree': 0.8, 'learning_rate': 0.05, 'max_depth': 3, 'n_estimators': 300, 'scale_pos_weight': 2, 'subsample': 1.0}",0.8467365237742098,0.8557752501661354,0.8631128949928248,0.8332398320347487,0.8430297791603664,0.8483788560256569,0.010317930766384813,35
0.26294736862182616,0.0051476951524650335,0.008999204635620118,0.001095888581455336,0.8,0.05,3,300,4,0.8,"{'colsample_bytree': 0.8, 'learning_rate': 0.05, 'max_depth': 3, 'n_estimators': 300, 'scale_pos_weight': 4, 'subsample': 0.8}",0.8439952904238619,0.8519709913224374,0.8655001878051833,0.8325427858731979,0.8458480607910932,0.8479714632431546,0.010785316715581037,46
0.17403583526611327,0.0033184835292818563,0.008264970779418946,0.0004929688985254126,0.8,0.05,3,300,4,1.0,"{'colsample_bytree': 0.8, 'learning_rate': 0.05, 'max_depth': 3, 'n_estimators': 300, 'scale_pos_weight': 4, 'subsample': 1.0}",0.8451714805790178,0.8546592539800253,0.862444741936416,0.832220146199112,0.8412311833652762,0.8471453612119694,0.010508714313529424,67
0.26863784790039064,0.008625115317883576,0.008843088150024414,0.0007648896772538984,0.8,0.05,3,300,6,0.8,"{'colsample_bytree': 0.8, 'learning_rate': 0.05, 'max_depth': 3, 'n_estimators': 300, 'scale_pos_weight': 6, 'subsample': 0.8}",0.8434246515973072,0.8515785266442584,0.8638051256368523,0.831013859059433,0.8445791719236068,0.8468802669722916,0.010747127065971782,72
0.18011736869812012,0.014685667916592924,0.00920100212097168,0.000399972401063065,0.8,0.05,3,300,6,1.0,"{'colsample_bytree': 0.8, 'learning_rate': 0.05, 'max_depth': 3, 'n_estimators': 300, 'scale_pos_weight': 6, 'subsample': 1.0}",0.842743255867708,0.8546953703614527,0.8641097071202244,0.8318156427271238,0.8439182421434832,0.8474564436439984,0.011037218006575766,61
0.15858535766601561,0.018629617360898403,0.007022666931152344,0.0010985331916511481,0.8,0.05,5,100,1,0.8,"{'colsample_bytree': 0.8, 'learning_rate': 0.05, 'max_depth': 5, 'n_estimators': 100, 'scale_pos_weight': 1, 'subsample': 0.8}",0.8489384191619075,0.8530845797497857,0.8618548410397665,0.8304961909256388,0.846372952201173,0.8481493966156541,0.01027238260483008,40
0.13986444473266602,0.010181151511542875,0.008998775482177734,0.0035791701281998366,0.8,0.05,5,100,1,1.0,"{'colsample_bytree': 0.8, 'learning_rate': 0.05, 'max_depth': 5, 'n_estimators': 100, 'scale_pos_weight': 1, 'subsample': 1.0}",0.8460093806281362,0.8524152228139958,0.8609230383989368,0.8286699059047877,0.8478753936685576,0.847178588282883,0.010590147854149844,65
0.1614230155944824,0.007906064528349403,0.007204771041870117,0.0011706541704715038,0.8,0.05,5,100,2,0.8,"{'colsample_bytree': 0.8, 'learning_rate': 0.05, 'max_depth': 5, 'n_estimators': 100, 'scale_pos_weight': 2, 'subsample': 0.8}",0.8465788155753098,0.8517518852751105,0.8637377083915208,0.8310319172501469,0.8459527982972329,0.8478106249578641,0.010542290322201057,55
0.14396204948425292,0.013200030651186754,0.0087890625,0.0007387122410958477,0.8,0.05,5,100,2,1.0,"{'colsample_bytree': 0.8, 'learning_rate': 0.05, 'max_depth': 5, 'n_estimators': 100, 'scale_pos_weight': 2, 'subsample': 1.0}",0.8444407257948012,0.8499954252583526,0.8594651404686461,0.8273492502239215,0.8475250647687107,0.8457551213028864,0.010484094894263463,97
0.1736018180847168,0.007059188256029357,0.006710481643676758,0.0007443564033121293,0.8,0.05,5,100,4,0.8,"{'colsample_bytree': 0.8, 'learning_rate': 0.05, 'max_depth': 5, 'n_estimators': 100, 'scale_pos_weight': 4, 'subsample': 0.8}",0.8442216197474742,0.8510127033352275,0.8621726651963286,0.8278151515443364,0.8476598992593735,0.8465764078165481,0.011150136139563008,78
0.15760464668273927,0.013403152372273776,0.006559896469116211,0.0004628030582722314,0.8,0.05,5,100,4,1.0,"{'colsample_bytree': 0.8, 'learning_rate': 0.05, 'max_depth': 5, 'n_estimators': 100, 'scale_pos_weight': 4, 'subsample': 1.0}",0.8418812782309715,0.850481792528243,0.8586790072329074,0.8267737958798431,0.8452316745480638,0.8446095096840057,0.010567662844400954,124
0.17573947906494142,0.007609703104009032,0.007802772521972656,0.0011671762232160101,0.8,0.05,5,100,6,0.8,"{'colsample_bytree': 0.8, 'learning_rate': 0.05, 'max_depth': 5, 'n_estimators': 100, 'scale_pos_weight': 6, 'subsample': 0.8}",0.8412287756065144,0.851311265421695,0.8629828760196858,0.8260285945430554,0.8450763741079254,0.8453255771397753,0.012139424123366981,104
0.13174381256103515,0.007083564760590322,0.006914758682250976,0.0006594871247233815,0.8,0.05,5,100,6,1.0,"{'colsample_bytree': 0.8, 'learning_rate': 0.05, 'max_depth': 5, 'n_estimators': 100, 'scale_pos_weight': 6, 'subsample': 1.0}",0.8426662075873296,0.85110780980632,0.8568804114378172,0.8254651789927864,0.8448873650451214,0.8442013945738749,0.010604990984165783,134
0.29392094612121583,0.006582882701320342,0.009009361267089844,0.000644689216393827,0.8,0.05,5,200,1,0.8,"{'colsample_bytree': 0.8, 'learning_rate': 0.05, 'max_depth': 5, 'n_estimators': 200, 'scale_pos_weight': 1, 'subsample': 0.8}",0.8434956804807813,0.8510464119578931,0.8617970548294824,0.8286662942666448,0.840888077741715,0.8451787038553034,0.010995465411046604,110
0.21029114723205566,0.006910465591689342,0.013320207595825195,0.006543059392426772,0.8,0.05,5,200,1,1.0,"{'colsample_bytree': 0.8, 'learning_rate': 0.05, 'max_depth': 5, 'n_estimators': 200, 'scale_pos_weight': 1, 'subsample': 1.0}",0.8412010863807533,0.8487205169939614,0.8621883156282805,0.8278813649102869,0.8422580924771985,0.8444498752780962,0.011160329060348972,128
0.28557724952697755,0.009416050740322573,0.00882716178894043,0.00021161173510360478,0.8,0.05,5,200,2,0.8,"{'colsample_bytree': 0.8, 'learning_rate': 0.05, 'max_depth': 5, 'n_estimators': 200, 'scale_pos_weight': 2, 'subsample': 0.8}",0.83997553717098,0.850567267964288,0.8644841136076894,0.8280932476813283,0.8404859820284885,0.8447212296905547,0.012179461812154416,121
0.19901862144470214,0.004423000126579092,0.009551334381103515,0.0005834033823016765,0.8,0.05,5,200,2,1.0,"{'colsample_bytree': 0.8, 'learning_rate': 0.05, 'max_depth': 5, 'n_estimators': 200, 'scale_pos_weight': 2, 'subsample': 1.0}",0.8395445483526114,0.8476057246872322,0.8599226146333947,0.8275948416176288,0.8432633317602642,0.8435862122102262,0.01053753060861244,146
0.2761247158050537,0.007386209904723913,0.010746288299560546,0.0024945371198207217,0.8,0.05,5,200,4,0.8,"{'colsample_bytree': 0.8, 'learning_rate': 0.05, 'max_depth': 5, 'n_estimators': 200, 'scale_pos_weight': 4, 'subsample': 0.8}",0.838564590536545,0.8493465342720382,0.8614623763615876,0.8259383035894867,0.8404715354759175,0.843156668047115,0.011816789649991262,162
0.20652356147766113,0.0014597310059390677,0.00875682830810547,0.00044895509659749976,0.8,0.05,5,200,4,1.0,"{'colsample_bytree': 0.8, 'learning_rate': 0.05, 'max_depth': 5, 'n_estimators': 200, 'scale_pos_weight': 4, 'subsample': 1.0}",0.8384682801860717,0.8477694522830368,0.8609591547803643,0.825252092342364,0.8430634877830321,0.8431024934749736,0.011668377199402735,166
0.32992262840270997,0.013475467365084363,0.012842559814453125,0.003943186053311789,0.8,0.05,5,200,6,0.8,"{'colsample_bytree': 0.8, 'learning_rate': 0.05, 'max_depth': 5, 'n_estimators': 200, 'scale_pos_weight': 6, 'subsample': 0.8}",0.8357884446841501,0.8489299920062409,0.8632465256041066,0.8217319490325624,0.8379770973986574,0.8415348017451436,0.013884658059680926,204
0.23453593254089355,0.011099129778839336,0.010694408416748047,0.002380580305456138,0.8,0.05,5,200,6,1.0,"{'colsample_bytree': 0.8, 'learning_rate': 0.05, 'max_depth': 5, 'n_estimators': 200, 'scale_pos_weight': 6, 'subsample': 1.0}",0.8383816008706456,0.84685450395354,0.8591196270863231,0.8233860793019425,0.8392375591104776,0.8413958740645857,0.011679254558074257,208
0.41887240409851073,0.01769610454387053,0.011341285705566407,0.00036308779109992575,0.8,0.05,5,300,1,0.8,"{'colsample_bytree': 0.8, 'learning_rate': 0.05, 'max_depth': 5, 'n_estimators': 300, 'scale_pos_weight': 1, 'subsample': 0.8}",0.8376014870318114,0.8466666987701169,0.8594013348614575,0.8263066906800474,0.8358654929645288,0.8411683408615923,0.011174840473764132,214
0.29290094375610354,0.005430678324369656,0.013798379898071289,0.006177397115798042,0.8,0.05,5,300,1,1.0,"{'colsample_bytree': 0.8, 'learning_rate': 0.05, 'max_depth': 5, 'n_estimators': 300, 'scale_pos_weight': 1, 'subsample': 1.0}",0.8376279723781915,0.8453809555912973,0.8620715393283317,0.8264969036222323,0.8388053664127284,0.8420765474665561,0.011695593706409645,188
0.4000577926635742,0.010300666608651908,0.01139836311340332,0.00048771270512627644,0.8,0.05,5,300,2,0.8,"{'colsample_bytree': 0.8, 'learning_rate': 0.05, 'max_depth': 5, 'n_estimators': 300, 'scale_pos_weight': 2, 'subsample': 0.8}",0.8341391299322939,0.8482654505879748,0.8601549633539116,0.8250450250888463,0.8346640213423737,0.84045371806108,0.012328703594485804,232
0.2940337657928467,0.00870722011260436,0.011002445220947265,0.0006330903685709717,0.8,0.05,5,300,2,1.0,"{'colsample_bytree': 0.8, 'learning_rate': 0.05, 'max_depth': 5, 'n_estimators': 300, 'scale_pos_weight': 2, 'subsample': 1.0}",0.8347193997938959,0.8446176960637959,0.8585802891236721,0.8259936820410091,0.83822991206865,0.8404281958182047,0.010888786848432419,233
0.388997745513916,0.010121626527223242,0.011315298080444337,0.0004074440675492966,0.8,0.05,5,300,4,0.8,"{'colsample_bytree': 0.8, 'learning_rate': 0.05, 'max_depth': 5, 'n_estimators': 300, 'scale_pos_weight': 4, 'subsample': 0.8}",0.8316013521973207,0.847360133293525,0.8583178434186322,0.8230851094567133,0.8353044851730216,0.8391337847078425,0.012366583775977397,256
0.2888587474822998,0.004932513337654444,0.011835002899169922,0.0008258808650258432,0.8,0.05,5,300,4,1.0,"{'colsample_bytree': 0.8, 'learning_rate': 0.05, 'max_depth': 5, 'n_estimators': 300, 'scale_pos_weight': 4, 'subsample': 1.0}",0.8333469772996505,0.84438655122266,0.8580722520249251,0.8225433637353006,0.8377616029894732,0.8392221494544019,0.011805339041561778,253
0.40096478462219237,0.009871293382039795,0.01163015365600586,0.001261425315725387,0.8,0.05,5,300,6,0.8,"{'colsample_bytree': 0.8, 'learning_rate': 0.05, 'max_depth': 5, 'n_estimators': 300, 'scale_pos_weight': 6, 'subsample': 0.8}",0.8299737072743208,0.8456530323313847,0.859784168504589,0.8186716876462713,0.8320419720507363,0.8372249135614604,0.01416769732011034,289
0.2955788612365723,0.00801922157519664,0.013482189178466797,0.0017749521145190668,0.8,0.05,5,300,6,1.0,"{'colsample_bytree': 0.8, 'learning_rate': 0.05, 'max_depth': 5, 'n_estimators': 300, 'scale_pos_weight': 6, 'subsample': 1.0}",0.834006703200393,0.8451112866099719,0.8560376958711753,0.8232849534339456,0.834673652377421,0.8386228582985815,0.011113349725143717,269
0.24248061180114747,0.007735251852152378,0.009002447128295898,0.0010958169823233918,0.8,0.05,7,100,1,0.8,"{'colsample_bytree': 0.8, 'learning_rate': 0.05, 'max_depth': 7, 'n_estimators': 100, 'scale_pos_weight': 1, 'subsample': 0.8}",0.8392700638537623,0.8465992815247854,0.8599430805828704,0.8255229652030703,0.8390918897053867,0.842085456173975,0.011229188306433031,187
0.2531461238861084,0.01666149816085707,0.009861326217651368,0.0012050892644208488,0.8,0.05,7,100,1,1.0,"{'colsample_bytree': 0.8, 'learning_rate': 0.05, 'max_depth': 7, 'n_estimators': 100, 'scale_pos_weight': 1, 'subsample': 1.0}",0.8386115418324007,0.8460755939940866,0.8593856844295056,0.8221159865550751,0.8419571226319693,0.8416291858886075,0.012041947117149796,203
0.2954803466796875,0.019401264321346576,0.010595941543579101,0.002728359789827354,0.8,0.05,7,100,2,0.8,"{'colsample_bytree': 0.8, 'learning_rate': 0.05, 'max_depth': 7, 'n_estimators': 100, 'scale_pos_weight': 2, 'subsample': 0.8}",0.8370946538124453,0.8474492203677129,0.8577760976972195,0.8235136905163198,0.8408375148077165,0.8413342354402829,0.01134478276823028,209
0.26256885528564455,0.011201601357563389,0.009997940063476563,0.002606832095995063,0.8,0.05,7,100,2,1.0,"{'colsample_bytree': 0.8, 'learning_rate': 0.05, 'max_depth': 7, 'n_estimators': 100, 'scale_pos_weight': 2, 'subsample': 1.0}",0.8362687925571363,0.8443865512226599,0.8592315878687483,0.8194108695861544,0.8401681578719264,0.839893191821325,0.01286002520135293,241
0.28921995162963865,0.005922325775813349,0.008737468719482422,0.0003903116647282803,0.8,0.05,7,100,4,0.8,"{'colsample_bytree': 0.8, 'learning_rate': 0.05, 'max_depth': 7, 'n_estimators': 100, 'scale_pos_weight': 4, 'subsample': 0.8}",0.8335070932573123,0.8441505908640002,0.8572728761159962,0.8204799144764088,0.8372908861515348,0.8385402721730504,0.012128120232389865,271
0.26035284996032715,0.012492941522760545,0.009836483001708984,0.0012000898626708758,0.8,0.05,7,100,4,1.0,"{'colsample_bytree': 0.8, 'learning_rate': 0.05, 'max_depth': 7, 'n_estimators': 100, 'scale_pos_weight': 4, 'subsample': 1.0}",0.8311787905346187,0.8457047991447642,0.8532145987229247,0.8178903699280562,0.837619545222525,0.8371216207105778,0.012149576612533363,290
0.3014411449432373,0.008758334181354901,0.008575057983398438,0.0008476886341797341,0.8,0.05,7,100,6,0.8,"{'colsample_bytree': 0.8, 'learning_rate': 0.05, 'max_depth': 7, 'n_estimators': 100, 'scale_pos_weight': 6, 'subsample': 0.8}",0.8308525392223902,0.8442782020783773,0.8556091148115689,0.8207399524226869,0.8367876645703114,0.837653494621067,0.011826762963959894,280
0.27465224266052246,0.009748259431356715,0.009761619567871093,0.0014177055114516703,0.8,0.05,7,100,6,1.0,"{'colsample_bytree': 0.8, 'learning_rate': 0.05, 'max_depth': 7, 'n_estimators': 100, 'scale_pos_weight': 6, 'subsample': 1.0}",0.830145862025792,0.8431995261530756,0.854083799635947,0.8167731698625651,0.8368334119867863,0.8362071539328332,0.012516220886809365,303
0.47460002899169923,0.012078343851735547,0.012747955322265626,0.00034098229427972346,0.8,0.05,7,200,1,0.8,"{'colsample_bytree': 0.8, 'learning_rate': 0.05, 'max_depth': 7, 'n_estimators': 200, 'scale_pos_weight': 1, 'subsample': 0.8}",0.8324946306979613,0.8440831736186688,0.8544582061234121,0.8238676310543094,0.8338790919860156,0.8377565466960734,0.01053181872753509,278
0.37403316497802735,0.007035592730258853,0.014630270004272462,0.003195519280822969,0.8,0.05,7,200,1,1.0,"{'colsample_bytree': 0.8, 'learning_rate': 0.05, 'max_depth': 7, 'n_estimators': 200, 'scale_pos_weight': 1, 'subsample': 1.0}",0.8320756806734021,0.844109658965049,0.8583659985938689,0.8222532288044996,0.836939353372307,0.8387487840818253,0.012111827089456626,267
0.49472775459289553,0.02053922656079598,0.015599632263183593,0.003876189005866057,0.8,0.05,7,200,2,0.8,"{'colsample_bytree': 0.8, 'learning_rate': 0.05, 'max_depth': 7, 'n_estimators': 200, 'scale_pos_weight': 2, 'subsample': 0.8}",0.8291309917076788,0.8460093806281362,0.8537166164247673,0.8206629041423081,0.8316157987498917,0.8362271383305563,0.011961933320869669,302
0.4047111988067627,0.012751280869592672,0.014202547073364259,0.001717346123929732,0.8,0.05,7,200,2,1.0,"{'colsample_bytree': 0.8, 'learning_rate': 0.05, 'max_depth': 7, 'n_estimators': 200, 'scale_pos_weight': 2, 'subsample': 1.0}",0.830290327551502,0.8429105951016556,0.8558510945671332,0.8162952297483409,0.8357980757191974,0.8362290645375658,0.013133765879711897,301
0.5111328125,0.018122998443434783,0.01304922103881836,0.0006449185563437885,0.8,0.05,7,200,4,0.8,"{'colsample_bytree': 0.8, 'learning_rate': 0.05, 'max_depth': 7, 'n_estimators': 200, 'scale_pos_weight': 4, 'subsample': 0.8}",0.8264222631006155,0.8419932390133968,0.8532784043301134,0.8179108358775317,0.8296823684641388,0.8338574221571593,0.012412673700615485,325
0.42617287635803225,0.019327207388626606,0.012206315994262695,0.0003982230095079569,0.8,0.05,7,200,4,1.0,"{'colsample_bytree': 0.8, 'learning_rate': 0.05, 'max_depth': 7, 'n_estimators': 200, 'scale_pos_weight': 4, 'subsample': 1.0}",0.8255073147711185,0.8433223218499291,0.8521539809883368,0.8162013271566296,0.8319131569569782,0.8338196203445986,0.012724648502544551,326
0.5270712375640869,0.02793363045798457,0.012937784194946289,0.0005320154680749319,0.8,0.05,7,200,6,0.8,"{'colsample_bytree': 0.8, 'learning_rate': 0.05, 'max_depth': 7, 'n_estimators': 200, 'scale_pos_weight': 6, 'subsample': 0.8}",0.8230044495381919,0.8420100933247298,0.8531532008744981,0.8150937581261858,0.8302963469484066,0.8327115697624023,0.013526060728089966,335
0.4266080856323242,0.00738491592386294,0.013198375701904297,0.0019427692662060685,0.8,0.05,7,200,6,1.0,"{'colsample_bytree': 0.8, 'learning_rate': 0.05, 'max_depth': 7, 'n_estimators': 200, 'scale_pos_weight': 6, 'subsample': 1.0}",0.8231067792855697,0.8396649362907033,0.8513425662855987,0.814015082200884,0.8285314597759822,0.8313321647677476,0.013001796134136927,352
0.6713509559631348,0.0129341613153418,0.017286348342895507,0.00038762114000777924,0.8,0.05,7,300,1,0.8,"{'colsample_bytree': 0.8, 'learning_rate': 0.05, 'max_depth': 7, 'n_estimators': 300, 'scale_pos_weight': 1, 'subsample': 0.8}",0.8277657924897188,0.8384056784582639,0.849568048078127,0.8202499735146537,0.8248367539559478,0.8321652492993422,0.010553068015183773,343
0.5322996139526367,0.008706494448605469,0.015804529190063477,0.0007532487784441023,0.8,0.05,7,300,1,1.0,"{'colsample_bytree': 0.8, 'learning_rate': 0.05, 'max_depth': 7, 'n_estimators': 300, 'scale_pos_weight': 1, 'subsample': 1.0}",0.8274527838506804,0.8412901734549413,0.851513517157689,0.8186837264400805,0.8293260201673874,0.8336532442141558,0.011476663948243706,328
0.7014526844024658,0.013897951384218427,0.01731085777282715,0.0014706698336332381,0.8,0.05,7,300,2,0.8,"{'colsample_bytree': 0.8, 'learning_rate': 0.05, 'max_depth': 7, 'n_estimators': 300, 'scale_pos_weight': 2, 'subsample': 0.8}",0.8248475888703758,0.8407532432510523,0.8498521636120234,0.8176122737910643,0.8235859232791748,0.8313302385607381,0.012016958422240927,353
0.5710844993591309,0.01331329544413724,0.016962337493896484,0.0016333081010670852,0.8,0.05,7,300,2,1.0,"{'colsample_bytree': 0.8, 'learning_rate': 0.05, 'max_depth': 7, 'n_estimators': 300, 'scale_pos_weight': 2, 'subsample': 1.0}",0.8238604077780239,0.8400261001049782,0.851426837842263,0.8145809055099151,0.8304817443730679,0.8320751991216497,0.012757546405547578,344
0.7267589569091797,0.011339553813258971,0.017601966857910156,0.0007974666175880065,0.8,0.05,7,300,4,0.8,"{'colsample_bytree': 0.8, 'learning_rate': 0.05, 'max_depth': 7, 'n_estimators': 300, 'scale_pos_weight': 4, 'subsample': 0.8}",0.8214454257399042,0.8370019551001144,0.8480776454045517,0.8156631930733595,0.8214285714285714,0.8287233581493002,0.011998947686362315,382
0.5988976001739502,0.02103781045345685,0.017034387588500975,6.0000933285936456e-05,0.8,0.05,7,300,4,1.0,"{'colsample_bytree': 0.8, 'learning_rate': 0.05, 'max_depth': 7, 'n_estimators': 300, 'scale_pos_weight': 4, 'subsample': 1.0}",0.8213876395296202,0.8388511138292033,0.848998613130953,0.8126161743602585,0.8273059105662085,0.8298318902832487,0.012827910797591059,372
0.7341542720794678,0.018716263491748975,0.017601537704467773,0.002937515783078794,0.8,0.05,7,300,6,0.8,"{'colsample_bytree': 0.8, 'learning_rate': 0.05, 'max_depth': 7, 'n_estimators': 300, 'scale_pos_weight': 6, 'subsample': 0.8}",0.8199333532374724,0.8375750016854311,0.8475310841656152,0.8130640174899596,0.8208747869133496,0.8277956486983655,0.012742512576017004,384
0.5615925788879395,0.016439339257191408,0.01407003402709961,0.0006480387326851362,0.8,0.05,7,300,6,1.0,"{'colsample_bytree': 0.8, 'learning_rate': 0.05, 'max_depth': 7, 'n_estimators': 300, 'scale_pos_weight': 6, 'subsample': 1.0}",0.8171740616964105,0.8358149300305304,0.847331240188383,0.814147508932785,0.8220955206055993,0.8273126522907417,0.01246084323049791,388
0.10980639457702637,0.003912882872622783,0.0062848091125488285,0.0008745288848356961,0.8,0.1,3,100,1,0.8,"{'colsample_bytree': 0.8, 'learning_rate': 0.1, 'max_depth': 3, 'n_estimators': 100, 'scale_pos_weight': 1, 'subsample': 0.8}",0.8494187670348933,0.8525584844603249,0.8602344193930521,0.8354260769904942,0.846939979389585,0.84891554545367,0.008093327677960643,17
0.07413082122802735,0.004063607567046358,0.005623388290405274,0.0005132727177957859,0.8,0.1,3,100,1,1.0,"{'colsample_bytree': 0.8, 'learning_rate': 0.1, 'max_depth': 3, 'n_estimators': 100, 'scale_pos_weight': 1, 'subsample': 1.0}",0.8491647484855198,0.8559883368165576,0.8620161608768094,0.8333638316109833,0.84879756527434,0.849866128612842,0.009581902580740854,3
0.10245895385742188,0.005349923167034296,0.00606689453125,0.0005185058411573864,0.8,0.1,3,100,2,0.8,"{'colsample_bytree': 0.8, 'learning_rate': 0.1, 'max_depth': 3, 'n_estimators': 100, 'scale_pos_weight': 2, 'subsample': 0.8}",0.8491045545164737,0.8543534686172722,0.8613299496296867,0.8332013078945594,0.8477128699521338,0.8491404301220251,0.009293599826336579,10
0.07455739974975586,0.0049675269749327065,0.005602788925170898,0.0008017809644274818,0.8,0.1,3,100,2,1.0,"{'colsample_bytree': 0.8, 'learning_rate': 0.1, 'max_depth': 3, 'n_estimators': 100, 'scale_pos_weight': 2, 'subsample': 1.0}",0.8485676243125848,0.8566107424564918,0.8619993065654766,0.8322996022382525,0.847316793635812,0.8493588138417236,0.010081518267179011,7
0.10172562599182129,0.003468850334200531,0.005401325225830078,0.0004943203736980321,0.8,0.1,3,100,4,0.8,"{'colsample_bytree': 0.8, 'learning_rate': 0.1, 'max_depth': 3, 'n_estimators': 100, 'scale_pos_weight': 4, 'subsample': 0.8}",0.848489372152825,0.8531965405322111,0.8636329708853809,0.8309344030202926,0.8465378836763587,0.8485582340534137,0.010615531597011453,29
0.0671295166015625,0.0017331877044316588,0.00705866813659668,0.001763673822902891,0.8,0.1,3,100,4,1.0,"{'colsample_bytree': 0.8, 'learning_rate': 0.1, 'max_depth': 3, 'n_estimators': 100, 'scale_pos_weight': 4, 'subsample': 1.0}",0.8474444048501892,0.856141229497934,0.8630129730042086,0.8311968487253326,0.8457445271643342,0.8487079966483997,0.010741549388562881,25
0.10271687507629394,0.00630885132776235,0.0053084373474121095,0.0004049701205978477,0.8,0.1,3,100,6,0.8,"{'colsample_bytree': 0.8, 'learning_rate': 0.1, 'max_depth': 3, 'n_estimators': 100, 'scale_pos_weight': 6, 'subsample': 0.8}",0.847304754842003,0.8533987922682049,0.8633958066473404,0.8304083077308317,0.8488469243289577,0.8486709171634675,0.010720032225867199,26
0.0716618537902832,0.0049726580124833985,0.005406618118286133,0.0004971687241080489,0.8,0.1,3,100,6,1.0,"{'colsample_bytree': 0.8, 'learning_rate': 0.1, 'max_depth': 3, 'n_estimators': 100, 'scale_pos_weight': 6, 'subsample': 1.0}",0.8480523639375523,0.8567323342739643,0.8632067975845363,0.8289323516098276,0.8456638672458129,0.8485175429303388,0.011620641760109301,30
0.17540745735168456,0.004439025444205946,0.006876468658447266,0.00024547593576919124,0.8,0.1,3,200,1,0.8,"{'colsample_bytree': 0.8, 'learning_rate': 0.1, 'max_depth': 3, 'n_estimators': 200, 'scale_pos_weight': 1, 'subsample': 0.8}",0.8431128468376498,0.8503698317458177,0.861066300045266,0.8345941963382805,0.8424711791276208,0.846322870818927,0.008904472876190565,82
0.11293082237243653,0.003137628515185488,0.008250045776367187,0.0023183662446558053,0.8,0.1,3,200,1,1.0,"{'colsample_bytree': 0.8, 'learning_rate': 0.1, 'max_depth': 3, 'n_estimators': 200, 'scale_pos_weight': 1, 'subsample': 1.0}",0.8461357879631325,0.8536877233196252,0.8620017143242386,0.832816066492666,0.8419535109938265,0.8473189606186977,0.009966607045119112,63
0.17987432479858398,0.012092041030413038,0.00620112419128418,0.00040050803325203117,0.8,0.1,3,200,2,0.8,"{'colsample_bytree': 0.8, 'learning_rate': 0.1, 'max_depth': 3, 'n_estimators': 200, 'scale_pos_weight': 2, 'subsample': 0.8}",0.8432464774489313,0.8528835318931725,0.8632320790515357,0.8317963806570292,0.8435125347921142,0.8469342007685565,0.010540171501664836,69
0.11289505958557129,0.00363065248087736,0.006801891326904297,0.0003990700686437443,0.8,0.1,3,200,2,1.0,"{'colsample_bytree': 0.8, 'learning_rate': 0.1, 'max_depth': 3, 'n_estimators': 200, 'scale_pos_weight': 2, 'subsample': 1.0}",0.8431297011489826,0.8534361125290135,0.8615057160193006,0.8316651578045093,0.8414695514826979,0.8462412477969007,0.010292553389217822,85
0.1736677646636963,0.0022772775282832304,0.008385276794433594,0.0038208221456706216,0.8,0.1,3,200,4,0.8,"{'colsample_bytree': 0.8, 'learning_rate': 0.1, 'max_depth': 3, 'n_estimators': 200, 'scale_pos_weight': 4, 'subsample': 0.8}",0.8409085436911905,0.8509958490238945,0.8614503375677784,0.8299616684805114,0.8439158343847213,0.8454464466296191,0.01048459902279529,100
0.11585063934326172,0.0023930460393787405,0.006710577011108399,0.00039413651360825397,0.8,0.1,3,200,4,1.0,"{'colsample_bytree': 0.8, 'learning_rate': 0.1, 'max_depth': 3, 'n_estimators': 200, 'scale_pos_weight': 4, 'subsample': 1.0}",0.8440615037898124,0.8536227138330557,0.8636221359709528,0.8299363870135124,0.8407929712706225,0.8464071423755911,0.011460603786140826,81
0.17656850814819336,0.007723095251933363,0.006518745422363281,0.00044867010730168183,0.8,0.1,3,200,6,0.8,"{'colsample_bytree': 0.8, 'learning_rate': 0.1, 'max_depth': 3, 'n_estimators': 200, 'scale_pos_weight': 6, 'subsample': 0.8}",0.8399105276844102,0.8516832641503983,0.8640158045285126,0.8323622039660602,0.8428455856150859,0.8461634771888935,0.010860539251011114,89
0.11539287567138672,0.0036083061159882758,0.0072399616241455075,0.0014985491249359091,0.8,0.1,3,200,6,1.0,"{'colsample_bytree': 0.8, 'learning_rate': 0.1, 'max_depth': 3, 'n_estimators': 200, 'scale_pos_weight': 6, 'subsample': 1.0}",0.8424555286956689,0.8520733210698155,0.8640459015130355,0.8306839961090617,0.8404944091841551,0.8459506313143471,0.011313552811964995,91
0.25011916160583497,0.009779218363936235,0.007771015167236328,0.00039096140020254623,0.8,0.1,3,300,1,0.8,"{'colsample_bytree': 0.8, 'learning_rate': 0.1, 'max_depth': 3, 'n_estimators': 300, 'scale_pos_weight': 1, 'subsample': 0.8}",0.8377772534214253,0.8491683601236625,0.8587271624081441,0.8321286513661623,0.8399972069998363,0.8435597268638461,0.009362754957394376,147
0.16166815757751465,0.0058945035928874324,0.00860300064086914,0.0010228834885586445,0.8,0.1,3,300,1,1.0,"{'colsample_bytree': 0.8, 'learning_rate': 0.1, 'max_depth': 3, 'n_estimators': 300, 'scale_pos_weight': 1, 'subsample': 1.0}",0.8420462097061572,0.8494500678987971,0.8603692538837149,0.8316302453024627,0.8388234246034421,0.8444638402789147,0.009800051371448059,127
0.2513456344604492,0.006433079532335981,0.00800018310546875,1.6476776641055102e-06,0.8,0.1,3,300,2,0.8,"{'colsample_bytree': 0.8, 'learning_rate': 0.1, 'max_depth': 3, 'n_estimators': 300, 'scale_pos_weight': 2, 'subsample': 0.8}",0.8397130914659399,0.849088904084522,0.8590160934595641,0.830187997804124,0.838550143983974,0.8433112461596247,0.009877833956271646,158
0.1621994972229004,0.0023371201155166863,0.00840167999267578,0.0004914087063587801,0.8,0.1,3,300,2,1.0,"{'colsample_bytree': 0.8, 'learning_rate': 0.1, 'max_depth': 3, 'n_estimators': 300, 'scale_pos_weight': 2, 'subsample': 1.0}",0.8394675000722327,0.8511017904094155,0.8603572150899057,0.8279921218133313,0.8367106162899327,0.8431258487349635,0.011349925505067514,164
0.2569578647613525,0.011137149285292573,0.0078007221221923825,0.000398827311753704,0.8,0.1,3,300,4,0.8,"{'colsample_bytree': 0.8, 'learning_rate': 0.1, 'max_depth': 3, 'n_estimators': 300, 'scale_pos_weight': 4, 'subsample': 0.8}",0.8370501102753514,0.8481787712725487,0.8575136519921795,0.8247055311034276,0.8375123999576235,0.8409920929202261,0.011113143983649886,217
0.1638650417327881,0.0029825538038637128,0.008088445663452149,0.0005011958814944895,0.8,0.1,3,300,4,1.0,"{'colsample_bytree': 0.8, 'learning_rate': 0.1, 'max_depth': 3, 'n_estimators': 300, 'scale_pos_weight': 4, 'subsample': 1.0}",0.8392146854022401,0.848595313538346,0.8609182228814131,0.826689524323179,0.8366648688734578,0.8424165230037272,0.011585871806585496,177
0.2549592018127441,0.009416242285899558,0.008217048645019532,0.0004322777350131324,0.8,0.1,3,300,6,0.8,"{'colsample_bytree': 0.8, 'learning_rate': 0.1, 'max_depth': 3, 'n_estimators': 300, 'scale_pos_weight': 6, 'subsample': 0.8}",0.8367852568115496,0.8471338039699126,0.8596806348778304,0.8284808968419837,0.8370934499330642,0.8418348084868681,0.010703815039344746,196
0.16386651992797852,0.0036616295137528276,0.009206342697143554,0.0009710570489110875,0.8,0.1,3,300,6,1.0,"{'colsample_bytree': 0.8, 'learning_rate': 0.1, 'max_depth': 3, 'n_estimators': 300, 'scale_pos_weight': 6, 'subsample': 1.0}",0.8377315060049503,0.8484002850786373,0.8612264160029279,0.8255699164989261,0.8362374916932322,0.8418331230557348,0.01209837731810707,197
0.14074912071228027,0.008212298481794608,0.006874847412109375,0.0007861452623910091,0.8,0.1,5,100,1,0.8,"{'colsample_bytree': 0.8, 'learning_rate': 0.1, 'max_depth': 5, 'n_estimators': 100, 'scale_pos_weight': 1, 'subsample': 0.8}",0.8393398888578556,0.8477550057304658,0.8566059269389681,0.8291647003303446,0.836021997284048,0.8417775038283363,0.00952641900550767,199
0.10518350601196289,0.002780946629503834,0.00690927505493164,0.0011015757988494122,0.8,0.1,5,100,1,1.0,"{'colsample_bytree': 0.8, 'learning_rate': 0.1, 'max_depth': 5, 'n_estimators': 100, 'scale_pos_weight': 1, 'subsample': 1.0}",0.838055349558417,0.8453737323150118,0.8613949591162563,0.8285988770213135,0.8427613140584219,0.8432368464138842,0.010729655417473843,160
0.14315180778503417,0.002708817623715971,0.006121969223022461,0.0002445860706881741,0.8,0.1,5,100,2,0.8,"{'colsample_bytree': 0.8, 'learning_rate': 0.1, 'max_depth': 5, 'n_estimators': 100, 'scale_pos_weight': 2, 'subsample': 0.8}",0.8392146854022401,0.8462020013290829,0.8571789735242846,0.8290948753262513,0.8371512361433484,0.8417683543450416,0.009440344115171922,200
0.11053714752197266,0.005533917282905022,0.006988239288330078,0.0006870650857261735,0.8,0.1,5,100,2,1.0,"{'colsample_bytree': 0.8, 'learning_rate': 0.1, 'max_depth': 5, 'n_estimators': 100, 'scale_pos_weight': 2, 'subsample': 1.0}",0.8397744893143666,0.8473071626007647,0.8566901984956324,0.8247127543797131,0.8420510252236807,0.8421071260028314,0.010466278128647935,184
0.1431833267211914,0.0032701003843337772,0.006948232650756836,0.00045439791618779506,0.8,0.1,5,100,4,0.8,"{'colsample_bytree': 0.8, 'learning_rate': 0.1, 'max_depth': 5, 'n_estimators': 100, 'scale_pos_weight': 4, 'subsample': 0.8}",0.8362218412612804,0.8474131039862853,0.8560930743226974,0.8228635956506245,0.8356343481233929,0.8396451926688562,0.011316372779686588,246
0.11434149742126465,0.005806009667085979,0.007234525680541992,0.0011322450416818644,0.8,0.1,5,100,4,1.0,"{'colsample_bytree': 0.8, 'learning_rate': 0.1, 'max_depth': 5, 'n_estimators': 100, 'scale_pos_weight': 4, 'subsample': 1.0}",0.8355115524265393,0.8481221889416456,0.8573222351706137,0.8251244811279868,0.8404558850439657,0.8413072685421502,0.01094641570385482,210
0.1447901725769043,0.002302026210848616,0.006433916091918945,0.0005303022082204476,0.8,0.1,5,100,6,0.8,"{'colsample_bytree': 0.8, 'learning_rate': 0.1, 'max_depth': 5, 'n_estimators': 100, 'scale_pos_weight': 6, 'subsample': 0.8}",0.8353622713833055,0.8453689167974882,0.8574919821633231,0.8187150273039843,0.8375557396153366,0.8388987874526876,0.012722141018152954,263
0.11072254180908203,0.003973905925952128,0.006000947952270508,0.0006340733106068518,0.8,0.1,5,100,6,1.0,"{'colsample_bytree': 0.8, 'learning_rate': 0.1, 'max_depth': 5, 'n_estimators': 100, 'scale_pos_weight': 6, 'subsample': 1.0}",0.8386031146767343,0.8491635446061389,0.8561255790659821,0.8248379578353287,0.8402283518409724,0.8417917096050311,0.010581537593289852,198
0.2519589900970459,0.004443283041713308,0.010595369338989257,0.0031959804315837286,0.8,0.1,5,200,1,0.8,"{'colsample_bytree': 0.8, 'learning_rate': 0.1, 'max_depth': 5, 'n_estimators': 200, 'scale_pos_weight': 1, 'subsample': 0.8}",0.8296823684641388,0.8435703210023981,0.8526090473943235,0.8267160096695593,0.825789022546253,0.8356733538153345,0.010611368733730897,308
0.1836379051208496,0.004327898176618879,0.009000158309936524,0.0006381445362521983,0.8,0.1,5,200,1,1.0,"{'colsample_bytree': 0.8, 'learning_rate': 0.1, 'max_depth': 5, 'n_estimators': 200, 'scale_pos_weight': 1, 'subsample': 1.0}",0.8322225539578739,0.8408158449788599,0.8546508268243588,0.822947867207289,0.8305250840307808,0.8362324353998325,0.010820143685985894,300
0.26146879196166994,0.009082555717175863,0.008587980270385742,0.0007986378230977624,0.8,0.1,5,200,2,0.8,"{'colsample_bytree': 0.8, 'learning_rate': 0.1, 'max_depth': 5, 'n_estimators': 200, 'scale_pos_weight': 2, 'subsample': 0.8}",0.827385366605349,0.8405847001377239,0.8541644595544682,0.8226324508094885,0.8268123200200326,0.8343158594254124,0.011611220109731528,317
0.18415942192077636,0.002654090685806816,0.009400081634521485,0.0015004002144710098,0.8,0.1,5,200,2,1.0,"{'colsample_bytree': 0.8, 'learning_rate': 0.1, 'max_depth': 5, 'n_estimators': 200, 'scale_pos_weight': 2, 'subsample': 1.0}",0.8298581348537528,0.8430863614912695,0.8549204958056842,0.821245581762672,0.8309103254326743,0.8360041798692105,0.01174326824661083,306
0.27267112731933596,0.008089105170408593,0.008789348602294921,0.0013098795838146682,0.8,0.1,5,200,4,0.8,"{'colsample_bytree': 0.8, 'learning_rate': 0.1, 'max_depth': 5, 'n_estimators': 200, 'scale_pos_weight': 4, 'subsample': 0.8}",0.8254639751134055,0.8427709450934692,0.8524092034170911,0.8186933574751278,0.8247994336951392,0.8328273829588466,0.012655121818753062,334
0.1994386672973633,0.01485009675074414,0.008911895751953124,0.0016142766403792219,0.8,0.1,5,200,4,1.0,"{'colsample_bytree': 0.8, 'learning_rate': 0.1, 'max_depth': 5, 'n_estimators': 200, 'scale_pos_weight': 4, 'subsample': 1.0}",0.8301542891814584,0.8454483728366287,0.8531724629445926,0.8251437431980815,0.8291117296375842,0.8366061195596691,0.010787096398468253,295
0.26148357391357424,0.004883731038991993,0.008800506591796875,0.00040046336309061074,0.8,0.1,5,200,6,0.8,"{'colsample_bytree': 0.8, 'learning_rate': 0.1, 'max_depth': 5, 'n_estimators': 200, 'scale_pos_weight': 6, 'subsample': 0.8}",0.8243732603942945,0.8408688156716202,0.8518506033843458,0.8161050168061561,0.828285868382275,0.8322967129277382,0.012624377804485604,340
0.19333128929138182,0.009229494745164294,0.009736871719360352,0.0020121480792485193,0.8,0.1,5,200,6,1.0,"{'colsample_bytree': 0.8, 'learning_rate': 0.1, 'max_depth': 5, 'n_estimators': 200, 'scale_pos_weight': 6, 'subsample': 1.0}",0.8268989993354586,0.8412973967312267,0.8536660534907685,0.8172631487705984,0.8304721133380205,0.8339195423332144,0.012513717877486908,324
0.3816192626953125,0.010742903936639134,0.011363744735717773,0.00040009285949417625,0.8,0.1,5,300,1,0.8,"{'colsample_bytree': 0.8, 'learning_rate': 0.1, 'max_depth': 5, 'n_estimators': 300, 'scale_pos_weight': 1, 'subsample': 0.8}",0.8269977174446939,0.8373992352958172,0.8477285203840856,0.81819735917019,0.8182093979639992,0.8297064460517571,0.011453842812260894,374
0.2659881591796875,0.004661838300575148,0.011529350280761718,0.0007604788439868888,0.8,0.1,5,300,1,1.0,"{'colsample_bytree': 0.8, 'learning_rate': 0.1, 'max_depth': 5, 'n_estimators': 300, 'scale_pos_weight': 1, 'subsample': 1.0}",0.8241974940046807,0.8347868170392272,0.8497991929192631,0.8207423601814487,0.8252882087237915,0.8309628145736822,0.010505813114376782,360
0.38967223167419435,0.006803016625806192,0.012343931198120116,0.0021405355275033425,0.8,0.1,5,300,2,0.8,"{'colsample_bytree': 0.8, 'learning_rate': 0.1, 'max_depth': 5, 'n_estimators': 300, 'scale_pos_weight': 2, 'subsample': 0.8}",0.821170941241055,0.8374907301287667,0.8473192013945738,0.8147976037984802,0.8143280908399225,0.8270213134805597,0.013163409690964956,390
0.2780158042907715,0.008065784928345138,0.011776161193847657,0.0010434667572560372,0.8,0.1,5,300,2,1.0,"{'colsample_bytree': 0.8, 'learning_rate': 0.1, 'max_depth': 5, 'n_estimators': 300, 'scale_pos_weight': 2, 'subsample': 1.0}",0.8235714767266039,0.8407580587685759,0.8499195808573548,0.8172944496345023,0.8264150398243298,0.8315917211622732,0.011962161257369996,350
0.404116153717041,0.00412613753929335,0.014723682403564453,0.004493064050198347,0.8,0.1,5,300,4,0.8,"{'colsample_bytree': 0.8, 'learning_rate': 0.1, 'max_depth': 5, 'n_estimators': 300, 'scale_pos_weight': 4, 'subsample': 0.8}",0.8213972705646677,0.8356560179522493,0.8475647927882809,0.8137430054607968,0.8153032331384655,0.826732863980892,0.012972535429145383,392
0.30899600982666015,0.007446089248988322,0.012276744842529297,0.000932806072577256,0.8,0.1,5,300,4,1.0,"{'colsample_bytree': 0.8, 'learning_rate': 0.1, 'max_depth': 5, 'n_estimators': 300, 'scale_pos_weight': 4, 'subsample': 1.0}",0.8226974602960581,0.8394578690371854,0.8471434350049599,0.8174003910200229,0.8236027775905075,0.8300603865897468,0.011281241996564124,370
0.404649543762207,0.00929931117276824,0.012325525283813477,0.0007593552919873991,0.8,0.1,5,300,6,0.8,"{'colsample_bytree': 0.8, 'learning_rate': 0.1, 'max_depth': 5, 'n_estimators': 300, 'scale_pos_weight': 6, 'subsample': 0.8}",0.8183875721123749,0.8349577679113175,0.8451161021274957,0.8113954406680086,0.8185440764318941,0.825680191850218,0.012425687812897322,400
0.28516597747802735,0.006428715922042875,0.011798477172851563,0.000752081551640665,0.8,0.1,5,300,6,1.0,"{'colsample_bytree': 0.8, 'learning_rate': 0.1, 'max_depth': 5, 'n_estimators': 300, 'scale_pos_weight': 6, 'subsample': 1.0}",0.819897236856045,0.8344665851239033,0.8471771436276256,0.8161098323236797,0.820725505870116,0.8276752607602738,0.011567207146013638,386
0.2335599899291992,0.01737648965079976,0.00920405387878418,0.0007511780826675342,0.8,0.1,7,100,1,0.8,"{'colsample_bytree': 0.8, 'learning_rate': 0.1, 'max_depth': 7, 'n_estimators': 100, 'scale_pos_weight': 1, 'subsample': 0.8}",0.8318011961745528,0.8438303589486762,0.8519083895946299,0.8220545887066482,0.8258082846163478,0.835080563608171,0.011190532396032385,313
0.20778279304504393,0.011901852724834579,0.009600114822387696,0.001857734028659254,0.8,0.1,7,100,1,1.0,"{'colsample_bytree': 0.8, 'learning_rate': 0.1, 'max_depth': 7, 'n_estimators': 100, 'scale_pos_weight': 1, 'subsample': 1.0}",0.8324561065577717,0.8426505571553776,0.8548169621789254,0.8184622126339918,0.8290274580809199,0.8354826593213973,0.0123751305162401,310
0.2688835620880127,0.009646658814903026,0.010601568222045898,0.0025785555147278907,0.8,0.1,7,100,2,0.8,"{'colsample_bytree': 0.8, 'learning_rate': 0.1, 'max_depth': 7, 'n_estimators': 100, 'scale_pos_weight': 2, 'subsample': 0.8}",0.8303204245360248,0.8365179955889858,0.8556163380878542,0.8226890331403917,0.8255675087401645,0.8341422600186842,0.011714003075733215,320
0.22505593299865723,0.015560935569461904,0.00920248031616211,0.0007515237713299144,0.8,0.1,7,100,2,1.0,"{'colsample_bytree': 0.8, 'learning_rate': 0.1, 'max_depth': 7, 'n_estimators': 100, 'scale_pos_weight': 2, 'subsample': 1.0}",0.8247946181776155,0.8440687270660978,0.8549036414943514,0.815688474540359,0.8305708314472556,0.8340052585451359,0.013929476446102023,323
0.2715465068817139,0.008158948987923123,0.009601116180419922,0.0013600805291136035,0.8,0.1,7,100,4,0.8,"{'colsample_bytree': 0.8, 'learning_rate': 0.1, 'max_depth': 7, 'n_estimators': 100, 'scale_pos_weight': 4, 'subsample': 0.8}",0.8269953096859319,0.8348759041134151,0.8554670570446206,0.8207014282824975,0.8284038485616049,0.833288709537614,0.01196918278418784,330
0.22956233024597167,0.005893973465651882,0.008702373504638672,0.0004030287237128713,0.8,0.1,7,100,4,1.0,"{'colsample_bytree': 0.8, 'learning_rate': 0.1, 'max_depth': 7, 'n_estimators': 100, 'scale_pos_weight': 4, 'subsample': 1.0}",0.8264728260346139,0.8399562751008851,0.8512847800753146,0.8121635157130336,0.8258251389276805,0.8311405071703056,0.013369189104698075,356
0.271588659286499,0.004240819385794501,0.011054563522338866,0.0036286831945390396,0.8,0.1,7,100,6,0.8,"{'colsample_bytree': 0.8, 'learning_rate': 0.1, 'max_depth': 7, 'n_estimators': 100, 'scale_pos_weight': 6, 'subsample': 0.8}",0.826094807909006,0.8378952336007551,0.8501001627644924,0.8177085841415377,0.8303132012597394,0.8324223979351061,0.010985797395654726,338
0.23644862174987794,0.005226096177042057,0.009549379348754883,0.00143166901326785,0.8,0.1,7,100,6,1.0,"{'colsample_bytree': 0.8, 'learning_rate': 0.1, 'max_depth': 7, 'n_estimators': 100, 'scale_pos_weight': 6, 'subsample': 1.0}",0.8201957989425124,0.8374883223700051,0.8492767092679451,0.8123067773593627,0.8333084531594611,0.8305152122198572,0.013011207646146427,365
0.4542665481567383,0.013627638432309354,0.01280198097229004,0.0007495834414752837,0.8,0.1,7,200,1,0.8,"{'colsample_bytree': 0.8, 'learning_rate': 0.1, 'max_depth': 7, 'n_estimators': 200, 'scale_pos_weight': 1, 'subsample': 0.8}",0.8197961109880478,0.8382323198274119,0.8478176074582735,0.8159990754206354,0.8101747069757587,0.8264039641340254,0.014239159659708654,394
0.3476370334625244,0.004331778989202026,0.01411895751953125,0.0044850274370665175,0.8,0.1,7,200,1,1.0,"{'colsample_bytree': 0.8, 'learning_rate': 0.1, 'max_depth': 7, 'n_estimators': 200, 'scale_pos_weight': 1, 'subsample': 1.0}",0.8215321050553301,0.835314116208069,0.8436401460064913,0.8139572959906001,0.8195818204582447,0.8268050967437471,0.0109623760358657,391
0.4926567554473877,0.025672222004082396,0.0164003849029541,0.006916876151395406,0.8,0.1,7,200,2,0.8,"{'colsample_bytree': 0.8, 'learning_rate': 0.1, 'max_depth': 7, 'n_estimators': 200, 'scale_pos_weight': 2, 'subsample': 0.8}",0.8138080149473665,0.8333012298831755,0.8423423640338628,0.8147687106933381,0.8127004459169226,0.8233841530949331,0.012147691490079923,411
0.388416051864624,0.006641718596633299,0.013658761978149414,0.0007788314884170433,0.8,0.1,7,200,2,1.0,"{'colsample_bytree': 0.8, 'learning_rate': 0.1, 'max_depth': 7, 'n_estimators': 200, 'scale_pos_weight': 2, 'subsample': 1.0}",0.8177278462116324,0.8363976076508942,0.8417548708959752,0.8108488794290722,0.8230827016979514,0.8259623811771052,0.011513598379029306,397
0.5067281246185302,0.009491899661224636,0.012924575805664062,7.139123380582727e-05,0.8,0.1,7,200,4,0.8,"{'colsample_bytree': 0.8, 'learning_rate': 0.1, 'max_depth': 7, 'n_estimators': 200, 'scale_pos_weight': 4, 'subsample': 0.8}",0.8179252824301027,0.8314183625314212,0.8432837977097398,0.8137068890793692,0.8168923539212759,0.8246453371343817,0.011119205146336063,406
0.41132612228393556,0.011813704778610462,0.01365361213684082,0.0023030141277300483,0.8,0.1,7,200,4,1.0,"{'colsample_bytree': 0.8, 'learning_rate': 0.1, 'max_depth': 7, 'n_estimators': 200, 'scale_pos_weight': 4, 'subsample': 1.0}",0.8142799356646858,0.8325933488071963,0.8443817357051363,0.8061200412208299,0.817019965135653,0.8228790053067003,0.013754062031989723,412
0.5057907581329346,0.010607452479888292,0.012448692321777343,0.001057310919879319,0.8,0.1,7,200,6,0.8,"{'colsample_bytree': 0.8, 'learning_rate': 0.1, 'max_depth': 7, 'n_estimators': 200, 'scale_pos_weight': 6, 'subsample': 0.8}",0.8149830012231416,0.8324103591412969,0.8452388978243492,0.813959703749362,0.8175231867168765,0.8248230297310052,0.012186065468682145,404
0.4131460189819336,0.009333637444722504,0.012941932678222657,0.0012642740006775224,0.8,0.1,7,200,6,1.0,"{'colsample_bytree': 0.8, 'learning_rate': 0.1, 'max_depth': 7, 'n_estimators': 200, 'scale_pos_weight': 6, 'subsample': 1.0}",0.8144051391203013,0.8311222082037157,0.8408326992901927,0.808544654293997,0.8241156302067784,0.8238040662229971,0.011530967881351776,409
0.6731515884399414,0.01180436299092943,0.018413352966308593,0.0017011673317586238,0.8,0.1,7,300,1,0.8,"{'colsample_bytree': 0.8, 'learning_rate': 0.1, 'max_depth': 7, 'n_estimators': 300, 'scale_pos_weight': 1, 'subsample': 0.8}",0.8140945382400246,0.8303348710885959,0.8401344492492608,0.8147831572459092,0.8011672814477372,0.8201028594543056,0.013630215857721704,421
0.5103969573974609,0.009096536597454338,0.016822052001953126,0.0007589147836864813,0.8,0.1,7,300,1,1.0,"{'colsample_bytree': 0.8, 'learning_rate': 0.1, 'max_depth': 7, 'n_estimators': 300, 'scale_pos_weight': 1, 'subsample': 1.0}",0.8151972917529448,0.8311751788964761,0.836939353372307,0.8104443759570841,0.8141643632441179,0.821584112644586,0.010466230127308816,413
0.7075727939605713,0.009856108551059069,0.01707453727722168,0.0006988183403861489,0.8,0.1,7,300,2,0.8,"{'colsample_bytree': 0.8, 'learning_rate': 0.1, 'max_depth': 7, 'n_estimators': 300, 'scale_pos_weight': 2, 'subsample': 0.8}",0.8083953732507633,0.8301446581464109,0.836662461114696,0.8078151033891613,0.802474694455413,0.8170984580712888,0.013628883837813107,428
0.5485764026641846,0.01086680143846067,0.016805410385131836,0.0007448756414258942,0.8,0.1,7,300,2,1.0,"{'colsample_bytree': 0.8, 'learning_rate': 0.1, 'max_depth': 7, 'n_estimators': 300, 'scale_pos_weight': 2, 'subsample': 1.0}",0.8134829675145188,0.8341583920023885,0.8343847213260009,0.8050822971944795,0.8175087401643055,0.8209234236403387,0.0116132050752746,418
0.7204679012298584,0.009280797974990278,0.018236255645751952,0.0015436050388513674,0.8,0.1,7,300,4,0.8,"{'colsample_bytree': 0.8, 'learning_rate': 0.1, 'max_depth': 7, 'n_estimators': 300, 'scale_pos_weight': 4, 'subsample': 0.8}",0.8107742389074554,0.8261188854966244,0.8382371353449355,0.8114219260143887,0.8075767352717396,0.8188257842070288,0.011629062552207303,425
0.5709895133972168,0.0059428656559665765,0.016810512542724608,0.0013252667686060985,0.8,0.1,7,300,4,1.0,"{'colsample_bytree': 0.8, 'learning_rate': 0.1, 'max_depth': 7, 'n_estimators': 300, 'scale_pos_weight': 4, 'subsample': 1.0}",0.8093560689967351,0.8312425961418073,0.8391087440167193,0.8024433935915094,0.8129966002446283,0.8190294805982798,0.013837671988287397,424
0.7143843173980713,0.018803014808283895,0.016413545608520506,0.0010179355948634462,0.8,0.1,7,300,6,0.8,"{'colsample_bytree': 0.8, 'learning_rate': 0.1, 'max_depth': 7, 'n_estimators': 300, 'scale_pos_weight': 6, 'subsample': 0.8}",0.8124452234881684,0.8297064460517571,0.8349505446350319,0.8129869692095808,0.8098665138542439,0.8199911394477564,0.010263316011603118,422
0.5450364112854004,0.010977452383762127,0.014336395263671874,0.00076418001524079,0.8,0.1,7,300,6,1.0,"{'colsample_bytree': 0.8, 'learning_rate': 0.1, 'max_depth': 7, 'n_estimators': 300, 'scale_pos_weight': 6, 'subsample': 1.0}",0.8125872812551165,0.8307417823193458,0.832701697951479,0.8045718523369707,0.8158642409299728,0.819293370958577,0.010810208488500112,423
0.11099538803100586,0.003271543531519078,0.00712132453918457,0.0015439412331320814,1.0,0.01,3,100,1,0.8,"{'colsample_bytree': 1.0, 'learning_rate': 0.01, 'max_depth': 3, 'n_estimators': 100, 'scale_pos_weight': 1, 'subsample': 0.8}",0.8283183731255598,0.8254483246814535,0.8416164247671697,0.8179072242393891,0.8307237241286323,0.8288028141884409,0.007721135595175221,380
0.07711033821105957,0.002360470861817539,0.005969619750976563,0.0007615365690404339,1.0,0.01,3,100,1,1.0,"{'colsample_bytree': 1.0, 'learning_rate': 0.01, 'max_depth': 3, 'n_estimators': 100, 'scale_pos_weight': 1, 'subsample': 1.0}",0.8256626152112568,0.8253604414866466,0.8384020668201211,0.814612206373819,0.8244045612581985,0.8256883782300084,0.007564071031026769,399
0.10615086555480957,0.0038927269171882494,0.005429506301879883,0.0003842225585089063,1.0,0.01,3,100,2,0.8,"{'colsample_bytree': 1.0, 'learning_rate': 0.01, 'max_depth': 3, 'n_estimators': 100, 'scale_pos_weight': 2, 'subsample': 0.8}",0.8305431422214946,0.8263813312016645,0.842586751548189,0.8189907156822143,0.834369070894049,0.8305742023095222,0.007879856116534363,364
0.07796411514282227,0.0023240456252815226,0.006339406967163086,0.001385405264346724,1.0,0.01,3,100,2,1.0,"{'colsample_bytree': 1.0, 'learning_rate': 0.01, 'max_depth': 3, 'n_estimators': 100, 'scale_pos_weight': 2, 'subsample': 1.0}",0.8292622145601987,0.824410580655103,0.8393146073908562,0.8154946499600313,0.824352794444819,0.8265669694022015,0.007770655850717778,393
0.1046074390411377,0.00390193466909761,0.005002069473266602,0.0015530226700075796,1.0,0.01,3,100,4,0.8,"{'colsample_bytree': 1.0, 'learning_rate': 0.01, 'max_depth': 3, 'n_estimators': 100, 'scale_pos_weight': 4, 'subsample': 0.8}",0.832149117315638,0.8301386387495064,0.8490022247690959,0.818777629031792,0.8356018433801082,0.833133890649228,0.009735896245454,333
0.07659592628479003,0.004986089459220448,0.006397342681884766,0.0010198469091673703,1.0,0.01,3,100,4,1.0,"{'colsample_bytree': 1.0, 'learning_rate': 0.01, 'max_depth': 3, 'n_estimators': 100, 'scale_pos_weight': 4, 'subsample': 1.0}",0.8278994231010008,0.8258407893596325,0.8447934624534099,0.8146025753387717,0.8341126445859137,0.8294497789677457,0.009930144043130263,377
0.10135917663574219,0.0025346901473951755,0.005131816864013672,0.0002447339295606691,1.0,0.01,3,100,6,0.8,"{'colsample_bytree': 1.0, 'learning_rate': 0.01, 'max_depth': 3, 'n_estimators': 100, 'scale_pos_weight': 6, 'subsample': 0.8}",0.8308886556038176,0.8293248162880065,0.850946489969277,0.8165564715740001,0.8336828596469262,0.8322798586164055,0.01102999690866496,342
0.07669882774353028,0.004563664900507577,0.00540003776550293,0.00048717698011766804,1.0,0.01,3,100,6,1.0,"{'colsample_bytree': 1.0, 'learning_rate': 0.01, 'max_depth': 3, 'n_estimators': 100, 'scale_pos_weight': 6, 'subsample': 1.0}",0.8276598511041982,0.8252340341516504,0.8476719380531825,0.8135443653629455,0.8339128006086813,0.8296045978561317,0.011187531698389274,376
0.18635473251342774,0.0033524834962008216,0.006316518783569336,0.0006304504718721697,1.0,0.01,3,200,1,0.8,"{'colsample_bytree': 1.0, 'learning_rate': 0.01, 'max_depth': 3, 'n_estimators': 200, 'scale_pos_weight': 1, 'subsample': 0.8}",0.8398394988009361,0.8395878880103245,0.8501073860407778,0.8230381581608576,0.839767266038081,0.8384680394101954,0.008699179006478567,272
0.13419532775878906,0.00817258370350985,0.007487773895263672,0.0008964167242272924,1.0,0.01,3,200,1,1.0,"{'colsample_bytree': 1.0, 'learning_rate': 0.01, 'max_depth': 3, 'n_estimators': 200, 'scale_pos_weight': 1, 'subsample': 1.0}",0.8358992015871946,0.8386127457117816,0.8477923259912743,0.8194698596758193,0.8386368232993999,0.8360821912530938,0.009231036258166007,305
0.19589738845825194,0.010123839378661256,0.006329011917114258,0.0006584186128477208,1.0,0.01,3,200,2,0.8,"{'colsample_bytree': 1.0, 'learning_rate': 0.01, 'max_depth': 3, 'n_estimators': 200, 'scale_pos_weight': 2, 'subsample': 0.8}",0.840074255280215,0.8404775548728223,0.8503385308819139,0.8240193198563048,0.8401525074399745,0.8390124336662461,0.008457514449955184,259
0.1302717685699463,0.0036300511614672745,0.0062138080596923825,0.0003940884326075132,1.0,0.01,3,200,2,1.0,"{'colsample_bytree': 1.0, 'learning_rate': 0.01, 'max_depth': 3, 'n_estimators': 200, 'scale_pos_weight': 2, 'subsample': 1.0}",0.8379795051574193,0.8391280060868143,0.8493778351359419,0.819926129961187,0.8398563531122689,0.8372535658907262,0.009571342181857609,286
0.18710250854492189,0.004296726419730861,0.006966829299926758,0.0010328887775260824,1.0,0.01,3,200,4,0.8,"{'colsample_bytree': 1.0, 'learning_rate': 0.01, 'max_depth': 3, 'n_estimators': 200, 'scale_pos_weight': 4, 'subsample': 0.8}",0.8412564648322756,0.8416862497712629,0.8525789504098005,0.8251858789764137,0.8418559967639723,0.840512708150745,0.008766307010687958,231
0.1323460578918457,0.0031266297278755347,0.006247472763061523,0.00040331597185497937,1.0,0.01,3,200,4,1.0,"{'colsample_bytree': 1.0, 'learning_rate': 0.01, 'max_depth': 3, 'n_estimators': 200, 'scale_pos_weight': 4, 'subsample': 1.0}",0.8399418285483141,0.8399538673421232,0.8510379848022267,0.8205834481031676,0.8415947549383131,0.8386223767468289,0.009918660417328265,270
0.18988075256347656,0.006917658787211928,0.007600736618041992,0.0011992711847475866,1.0,0.01,3,200,6,0.8,"{'colsample_bytree': 1.0, 'learning_rate': 0.01, 'max_depth': 3, 'n_estimators': 200, 'scale_pos_weight': 6, 'subsample': 0.8}",0.8419812002195877,0.8428756825996091,0.8535059375331068,0.8244093767757221,0.8417560747753561,0.8409056543806763,0.0093451092580431,219
0.13377995491027833,0.0018127849038735496,0.007115507125854492,0.0006747476890569164,1.0,0.01,3,200,6,1.0,"{'colsample_bytree': 1.0, 'learning_rate': 0.01, 'max_depth': 3, 'n_estimators': 200, 'scale_pos_weight': 6, 'subsample': 1.0}",0.8408206604963835,0.8408363109283356,0.8524116111758532,0.8225289171827296,0.8421918791112482,0.83975787577891,0.009645423160792864,244
0.2687164306640625,0.007815744725758671,0.007811069488525391,0.00037753694547383663,1.0,0.01,3,300,1,0.8,"{'colsample_bytree': 1.0, 'learning_rate': 0.01, 'max_depth': 3, 'n_estimators': 300, 'scale_pos_weight': 1, 'subsample': 0.8}",0.8449102387533587,0.8480222669530294,0.8549289229613507,0.8266064566458957,0.845023403415165,0.8438982577457599,0.009380612673535503,142
0.18568286895751954,0.004956355461156437,0.00820021629333496,0.0014723021217703887,1.0,0.01,3,300,1,1.0,"{'colsample_bytree': 1.0, 'learning_rate': 0.01, 'max_depth': 3, 'n_estimators': 300, 'scale_pos_weight': 1, 'subsample': 1.0}",0.844486473211276,0.8476129479635177,0.8543871772399381,0.8252460729454594,0.8449571900492145,0.8433379722818811,0.00971203469357293,156
0.2704688549041748,0.007115633257324722,0.007807159423828125,0.00040359978749586375,1.0,0.01,3,300,2,0.8,"{'colsample_bytree': 1.0, 'learning_rate': 0.01, 'max_depth': 3, 'n_estimators': 300, 'scale_pos_weight': 2, 'subsample': 0.8}",0.8458047211333802,0.8484075083549228,0.8550348643468713,0.8274335217805857,0.8460190116631834,0.8445399254557888,0.00918170344351406,125
0.18831706047058105,0.007126106957100108,0.008274030685424805,0.0006919070556730451,1.0,0.01,3,300,2,1.0,"{'colsample_bytree': 1.0, 'learning_rate': 0.01, 'max_depth': 3, 'n_estimators': 300, 'scale_pos_weight': 2, 'subsample': 1.0}",0.8464800974660747,0.8486904200094384,0.8539995280792827,0.8255554699463551,0.8457252650942395,0.8440901561190781,0.009708533082095449,137
0.2756624221801758,0.0074467209928025324,0.008514928817749023,0.0010301866057103538,1.0,0.01,3,300,4,0.8,"{'colsample_bytree': 1.0, 'learning_rate': 0.01, 'max_depth': 3, 'n_estimators': 300, 'scale_pos_weight': 4, 'subsample': 0.8}",0.847042309136963,0.849246612283422,0.8560172299216997,0.8280848205256619,0.8465872427309763,0.8453956429197446,0.009289177220622013,102
0.1905226230621338,0.004875281511370997,0.008397293090820313,0.0013565325543384537,1.0,0.01,3,300,4,1.0,"{'colsample_bytree': 1.0, 'learning_rate': 0.01, 'max_depth': 3, 'n_estimators': 300, 'scale_pos_weight': 4, 'subsample': 1.0}",0.8476611031387542,0.8485315079311573,0.8547290789841184,0.8259021872080592,0.8465727961784053,0.8446793346880987,0.009807079138109066,123
0.27893810272216796,0.009468607249216478,0.008803272247314453,0.0009834587569489542,1.0,0.01,3,300,6,0.8,"{'colsample_bytree': 1.0, 'learning_rate': 0.01, 'max_depth': 3, 'n_estimators': 300, 'scale_pos_weight': 6, 'subsample': 0.8}",0.847027862584392,0.8498003967986439,0.8565926842657782,0.8265125540541842,0.8466450289412604,0.8453157053288518,0.010055245328835555,105
0.19365320205688477,0.007174242152659959,0.008603143692016601,0.0007977426144502772,1.0,0.01,3,300,6,1.0,"{'colsample_bytree': 1.0, 'learning_rate': 0.01, 'max_depth': 3, 'n_estimators': 300, 'scale_pos_weight': 6, 'subsample': 1.0}",0.8470796293977714,0.8489155454536699,0.8552527665148173,0.8255927902071636,0.8468352418834453,0.8447351946913735,0.010044230894356443,120
0.1569460391998291,0.007826299064756953,0.006218719482421875,0.0003883499349639354,1.0,0.01,5,100,1,0.8,"{'colsample_bytree': 1.0, 'learning_rate': 0.01, 'max_depth': 5, 'n_estimators': 100, 'scale_pos_weight': 1, 'subsample': 0.8}",0.8457890707014282,0.8469893384442025,0.8535733547784381,0.8253207134670763,0.8440049214589092,0.8431354797700109,0.009475915084909334,163
0.13304381370544432,0.007214087333949312,0.006525897979736328,0.0006708541737184421,1.0,0.01,5,100,1,1.0,"{'colsample_bytree': 1.0, 'learning_rate': 0.01, 'max_depth': 5, 'n_estimators': 100, 'scale_pos_weight': 1, 'subsample': 1.0}",0.8445466671803219,0.8471506582812456,0.8519541370111046,0.8215056197089501,0.8405883117758666,0.8411490787914978,0.01049277647464456,215
0.16203761100769043,0.0025646670086068015,0.006330251693725586,0.0008067555584927718,1.0,0.01,5,100,2,0.8,"{'colsample_bytree': 1.0, 'learning_rate': 0.01, 'max_depth': 5, 'n_estimators': 100, 'scale_pos_weight': 2, 'subsample': 0.8}",0.8439110188671977,0.8460370698538973,0.8539585961803314,0.8249667729290867,0.8432753705540734,0.8424297656769173,0.009526718748178502,176
0.13455643653869628,0.0012637771794677126,0.007201433181762695,0.0009848305890151298,1.0,0.01,5,100,2,1.0,"{'colsample_bytree': 1.0, 'learning_rate': 0.01, 'max_depth': 5, 'n_estimators': 100, 'scale_pos_weight': 2, 'subsample': 1.0}",0.8415779006269805,0.8415911433001706,0.8520697094316727,0.8215441438491394,0.8402295557203534,0.8394024905856634,0.009895308259414785,250
0.1699070930480957,0.004083763813238229,0.006924152374267578,0.0007618571591829449,1.0,0.01,5,100,4,0.8,"{'colsample_bytree': 1.0, 'learning_rate': 0.01, 'max_depth': 5, 'n_estimators': 100, 'scale_pos_weight': 4, 'subsample': 0.8}",0.8416537450279781,0.84413734819081,0.8535191802062968,0.8246248711849062,0.8436341266095866,0.8415138542439156,0.009388966344129841,205
0.14099631309509278,0.005887712703489416,0.006402921676635742,0.0010170494768371337,1.0,0.01,5,100,4,1.0,"{'colsample_bytree': 1.0, 'learning_rate': 0.01, 'max_depth': 5, 'n_estimators': 100, 'scale_pos_weight': 4, 'subsample': 1.0}",0.8397624505205574,0.8389221427126773,0.8504155791622925,0.820230711444559,0.8393507237722839,0.837736321522474,0.009750155113977393,279
0.16935930252075196,0.004986278009166326,0.006324625015258789,0.00041387879323676583,1.0,0.01,5,100,6,0.8,"{'colsample_bytree': 1.0, 'learning_rate': 0.01, 'max_depth': 5, 'n_estimators': 100, 'scale_pos_weight': 6, 'subsample': 0.8}",0.8402524294285907,0.8436666313528716,0.8536985582340535,0.8242853771994876,0.8417103273588813,0.840722664714777,0.009470182382330753,224
0.14004163742065429,0.0028243824702071114,0.006322717666625977,0.0004138674485367577,1.0,0.01,5,100,6,1.0,"{'colsample_bytree': 1.0, 'learning_rate': 0.01, 'max_depth': 5, 'n_estimators': 100, 'scale_pos_weight': 6, 'subsample': 1.0}",0.8384887461355471,0.838433367684025,0.8495704558368888,0.8202295075651781,0.8382563974150301,0.8369956949273337,0.009435201388667293,291
0.2987318992614746,0.008344190088389863,0.008713817596435547,0.0003919633519489229,1.0,0.01,5,200,1,0.8,"{'colsample_bytree': 1.0, 'learning_rate': 0.01, 'max_depth': 5, 'n_estimators': 200, 'scale_pos_weight': 1, 'subsample': 0.8}",0.8482774893817837,0.8507779468559487,0.8572126821469505,0.8280390731091871,0.8468581155916827,0.8462330614171105,0.009765240846963633,88
0.24584693908691407,0.0016165473059464527,0.009874105453491211,0.0015915448267578133,1.0,0.01,5,200,1,1.0,"{'colsample_bytree': 1.0, 'learning_rate': 0.01, 'max_depth': 5, 'n_estimators': 200, 'scale_pos_weight': 1, 'subsample': 1.0}",0.8467738440350184,0.8500267261222564,0.8546098949254076,0.8261838949831938,0.844196338280475,0.8443581396692702,0.009730327182455973,129
0.31346921920776366,0.011550122910492093,0.00980081558227539,0.001164131575730373,1.0,0.01,5,200,2,0.8,"{'colsample_bytree': 1.0, 'learning_rate': 0.01, 'max_depth': 5, 'n_estimators': 200, 'scale_pos_weight': 2, 'subsample': 0.8}",0.8470748138802477,0.8503144532942957,0.8576111662220339,0.828301518814227,0.8459564099353758,0.8458516724292361,0.009671784159886794,96
0.2530571460723877,0.004372543811477748,0.009203147888183594,0.00040394275311396574,1.0,0.01,5,200,2,1.0,"{'colsample_bytree': 1.0, 'learning_rate': 0.01, 'max_depth': 5, 'n_estimators': 200, 'scale_pos_weight': 2, 'subsample': 1.0}",0.8451100827305911,0.8467979216226368,0.8553623195384809,0.8270615230518823,0.8430129248490336,0.8434689543585249,0.009215630479556355,151
0.312089204788208,0.006750694695890671,0.008519124984741212,0.00044887831208744757,1.0,0.01,5,200,4,0.8,"{'colsample_bytree': 1.0, 'learning_rate': 0.01, 'max_depth': 5, 'n_estimators': 200, 'scale_pos_weight': 4, 'subsample': 0.8}",0.8444973081257043,0.849478961003939,0.8573499243963748,0.8284050524409858,0.8455013435293891,0.8450465178992786,0.009470662422846539,113
0.25158443450927737,0.007008882602859944,0.009120464324951172,0.0007864912827885124,1.0,0.01,5,200,4,1.0,"{'colsample_bytree': 1.0, 'learning_rate': 0.01, 'max_depth': 5, 'n_estimators': 200, 'scale_pos_weight': 4, 'subsample': 1.0}",0.8416320751991216,0.845112490489353,0.8551588639231057,0.8260623031657213,0.8420570446205855,0.8420045554795774,0.009348711100043384,190
0.3101951599121094,0.004842529028526377,0.008920574188232422,0.0001561204907434265,1.0,0.01,5,200,6,0.8,"{'colsample_bytree': 1.0, 'learning_rate': 0.01, 'max_depth': 5, 'n_estimators': 200, 'scale_pos_weight': 6, 'subsample': 0.8}",0.8433030597798346,0.8492381851277557,0.8571813812830466,0.8276454045516272,0.8444022016546119,0.8443540464793753,0.009681745044518533,130
0.2624367713928223,0.008157354494881494,0.008597898483276366,0.0007991734210886223,1.0,0.01,5,200,6,1.0,"{'colsample_bytree': 1.0, 'learning_rate': 0.01, 'max_depth': 5, 'n_estimators': 200, 'scale_pos_weight': 6, 'subsample': 1.0}",0.8400140613111692,0.8438857374001985,0.8553045333281968,0.8256915083163987,0.8400610126070249,0.8409913705925977,0.009477873936661382,218
0.43901786804199217,0.012291137103756707,0.012505912780761718,0.00200782823110548,1.0,0.01,5,300,1,0.8,"{'colsample_bytree': 1.0, 'learning_rate': 0.01, 'max_depth': 5, 'n_estimators': 300, 'scale_pos_weight': 1, 'subsample': 0.8}",0.8489781471814777,0.8518674576956785,0.8596084021149752,0.8291069141200604,0.8479404031551272,0.8475002648534637,0.010063523939125204,59
0.34941797256469725,0.012510691755263322,0.011412620544433594,0.0005978892069403339,1.0,0.01,5,300,1,1.0,"{'colsample_bytree': 1.0, 'learning_rate': 0.01, 'max_depth': 5, 'n_estimators': 300, 'scale_pos_weight': 1, 'subsample': 1.0}",0.8465595535052151,0.8510548391135595,0.8569610713563387,0.8284098679585095,0.8463512823723165,0.8458673228611879,0.009544188936670037,95
0.4455738067626953,0.009252108247380049,0.010802745819091797,0.000748074361607836,1.0,0.01,5,300,2,0.8,"{'colsample_bytree': 1.0, 'learning_rate': 0.01, 'max_depth': 5, 'n_estimators': 300, 'scale_pos_weight': 2, 'subsample': 0.8}",0.8481233928210267,0.8516940990648265,0.8599274301509183,0.8292056322292957,0.8469965617204882,0.8471894231973109,0.010068516854135578,64
0.35802526473999025,0.005789840121447684,0.010800313949584962,0.0003979097202564422,1.0,0.01,5,300,2,1.0,"{'colsample_bytree': 1.0, 'learning_rate': 0.01, 'max_depth': 5, 'n_estimators': 300, 'scale_pos_weight': 2, 'subsample': 1.0}",0.8452196357542545,0.8496041644595544,0.8572487985283779,0.8288854003139716,0.8453171499841088,0.8452550298080534,0.00928154450253136,107
0.4497021198272705,0.008438882197219826,0.01070709228515625,0.0003944266405195018,1.0,0.01,5,300,4,0.8,"{'colsample_bytree': 1.0, 'learning_rate': 0.01, 'max_depth': 5, 'n_estimators': 300, 'scale_pos_weight': 4, 'subsample': 0.8}",0.8457674008725719,0.8511884697248414,0.8598527896293015,0.8284423727017942,0.8459323323477573,0.8462366730552533,0.010265173018822474,87
0.3681068420410156,0.004124288508030498,0.011202239990234375,0.0007472098002776225,1.0,0.01,5,300,4,1.0,"{'colsample_bytree': 1.0, 'learning_rate': 0.01, 'max_depth': 5, 'n_estimators': 300, 'scale_pos_weight': 4, 'subsample': 1.0}",0.8411300574972792,0.8485387312074429,0.8576472826034613,0.8268845527828876,0.8437677572208686,0.843593676262388,0.010072258422544184,145
0.46122236251831056,0.01739654965857468,0.011644077301025391,0.0007931661817824376,1.0,0.01,5,300,6,0.8,"{'colsample_bytree': 1.0, 'learning_rate': 0.01, 'max_depth': 5, 'n_estimators': 300, 'scale_pos_weight': 6, 'subsample': 0.8}",0.8443588619968987,0.8510054800589418,0.8597191590180197,0.8282666063121804,0.8445960262349396,0.845589226724196,0.010310811891669847,99
0.3870832443237305,0.00834383544676624,0.014223575592041016,0.0035754504198337246,1.0,0.01,5,300,6,1.0,"{'colsample_bytree': 1.0, 'learning_rate': 0.01, 'max_depth': 5, 'n_estimators': 300, 'scale_pos_weight': 6, 'subsample': 1.0}",0.8386115418324007,0.8478127919407499,0.8580313201259739,0.8260996234265297,0.8415971626970751,0.8424304880045458,0.01052930270570637,175
0.29395594596862795,0.011052316393901793,0.01108722686767578,0.004858190263724583,1.0,0.01,7,100,1,0.8,"{'colsample_bytree': 1.0, 'learning_rate': 0.01, 'max_depth': 7, 'n_estimators': 100, 'scale_pos_weight': 1, 'subsample': 0.8}",0.8429960705377006,0.8436714468703952,0.8552347083241036,0.8242492608180602,0.8445900068380348,0.8421482986776588,0.010006301114978217,183
0.28547000885009766,0.006404768548183393,0.008645296096801758,0.0003660593178419448,1.0,0.01,7,100,1,1.0,"{'colsample_bytree': 1.0, 'learning_rate': 0.01, 'max_depth': 7, 'n_estimators': 100, 'scale_pos_weight': 1, 'subsample': 1.0}",0.838521250878832,0.8401392647667845,0.8515737111267349,0.820027255829184,0.8376640887596192,0.8375851142722309,0.010113016449394472,281
0.32607693672180177,0.007160641341610773,0.010164690017700196,0.0031962499514497167,1.0,0.01,7,100,2,0.8,"{'colsample_bytree': 1.0, 'learning_rate': 0.01, 'max_depth': 7, 'n_estimators': 100, 'scale_pos_weight': 2, 'subsample': 0.8}",0.8410975527539946,0.8439627856805769,0.8554959501497628,0.821157698567865,0.8445623176122737,0.8412552609528946,0.011180352663465573,211
0.31693224906921386,0.014549679999857455,0.010888147354125976,0.0033865654552358445,1.0,0.01,7,100,2,1.0,"{'colsample_bytree': 1.0, 'learning_rate': 0.01, 'max_depth': 7, 'n_estimators': 100, 'scale_pos_weight': 2, 'subsample': 1.0}",0.8370802072598742,0.8381949995666035,0.8511005865300344,0.8177374772466797,0.8394735194691373,0.8367173580144659,0.010742668631081921,294
0.3832209587097168,0.021479717351190003,0.008697795867919921,0.0002852297989489682,1.0,0.01,7,100,4,0.8,"{'colsample_bytree': 1.0, 'learning_rate': 0.01, 'max_depth': 7, 'n_estimators': 100, 'scale_pos_weight': 4, 'subsample': 0.8}",0.8378711560131367,0.8433933507334033,0.8522707572882857,0.8181648544269052,0.8441662412959521,0.8391732719515366,0.011465880190827619,254
0.34830322265625,0.02238843934613179,0.009062862396240235,0.0012268979920915688,1.0,0.01,7,100,4,1.0,"{'colsample_bytree': 1.0, 'learning_rate': 0.01, 'max_depth': 7, 'n_estimators': 100, 'scale_pos_weight': 4, 'subsample': 1.0}",0.8366131020600784,0.8403367009852549,0.847534695803758,0.8171006250541746,0.8401525074399746,0.836347526268648,0.010257269575298784,299
0.3586465358734131,0.010947573451171337,0.008918094635009765,0.0006602165688586821,1.0,0.01,7,100,6,0.8,"{'colsample_bytree': 1.0, 'learning_rate': 0.01, 'max_depth': 7, 'n_estimators': 100, 'scale_pos_weight': 6, 'subsample': 0.8}",0.8360448709922856,0.8423844998121948,0.8512113434330787,0.8176520018106347,0.8425169265440957,0.8379619285184579,0.011242974445202036,277
0.3302865505218506,0.00946792419156468,0.009519624710083007,0.0014031347327012665,1.0,0.01,7,100,6,1.0,"{'colsample_bytree': 1.0, 'learning_rate': 0.01, 'max_depth': 7, 'n_estimators': 100, 'scale_pos_weight': 6, 'subsample': 1.0}",0.8334180061831246,0.8382768633645059,0.8457457310437153,0.8142811395440668,0.8389979871136752,0.8341439454498175,0.010679908297352053,319
0.5846790790557861,0.008137689345066913,0.012421226501464844,0.0003803198172153391,1.0,0.01,7,200,1,0.8,"{'colsample_bytree': 1.0, 'learning_rate': 0.01, 'max_depth': 7, 'n_estimators': 200, 'scale_pos_weight': 1, 'subsample': 0.8}",0.8445129585576562,0.8449692288430236,0.8578964856353113,0.8240939603779217,0.8437400679951074,0.843042540281804,0.010826349122095716,169
0.5479168891906738,0.01493523380903796,0.011933279037475587,0.00046561168105068893,1.0,0.01,7,200,1,1.0,"{'colsample_bytree': 1.0, 'learning_rate': 0.01, 'max_depth': 7, 'n_estimators': 200, 'scale_pos_weight': 1, 'subsample': 1.0}",0.840014061311169,0.8436317188508249,0.8544196819832227,0.8202921092929857,0.8392423746280013,0.8395199892132407,0.01103575741465965,248
0.6190265655517578,0.016083398121256587,0.012915277481079101,0.0009421723266913588,1.0,0.01,7,200,2,0.8,"{'colsample_bytree': 1.0, 'learning_rate': 0.01, 'max_depth': 7, 'n_estimators': 200, 'scale_pos_weight': 2, 'subsample': 0.8}",0.8417404243434042,0.844604453390606,0.8570658088624783,0.8222688792364515,0.8435968063487782,0.8418552744363437,0.011185627772489295,195
0.5702938079833985,0.013356519437743701,0.013001537322998047,0.0010945640661311393,1.0,0.01,7,200,2,1.0,"{'colsample_bytree': 1.0, 'learning_rate': 0.01, 'max_depth': 7, 'n_estimators': 200, 'scale_pos_weight': 2, 'subsample': 1.0}",0.8379024568770407,0.8424242278317651,0.8530111431075498,0.8179517677764829,0.8393073841145707,0.8381193959414819,0.011388479402628155,275
0.6541655540466309,0.010296552159611597,0.013171195983886719,0.0009682718666769015,1.0,0.01,7,200,4,0.8,"{'colsample_bytree': 1.0, 'learning_rate': 0.01, 'max_depth': 7, 'n_estimators': 200, 'scale_pos_weight': 4, 'subsample': 0.8}",0.8379819129161812,0.8441253093970008,0.8551636794406293,0.8203932351609827,0.8422316071308183,0.8399791488091225,0.01131751873208136,238
0.5902856349945068,0.010199693721330321,0.013193607330322266,0.0014533454732856815,1.0,0.01,7,200,4,1.0,"{'colsample_bytree': 1.0, 'learning_rate': 0.01, 'max_depth': 7, 'n_estimators': 200, 'scale_pos_weight': 4, 'subsample': 1.0}",0.8335215398098834,0.8399803526885035,0.8502265700994887,0.8170007030655585,0.8401838083038784,0.8361825947934625,0.010978999051536676,304
0.6760996341705322,0.01931067284350836,0.013307476043701172,0.0010688349159773667,1.0,0.01,7,200,6,0.8,"{'colsample_bytree': 1.0, 'learning_rate': 0.01, 'max_depth': 7, 'n_estimators': 200, 'scale_pos_weight': 6, 'subsample': 0.8}",0.8363458408375147,0.8427203821594708,0.8543787500842716,0.819126754052258,0.8412468337972282,0.8387637121861488,0.011463915259489081,266
0.6666792869567871,0.04549858826453792,0.0131195068359375,0.0006906320722868788,1.0,0.01,7,200,6,1.0,"{'colsample_bytree': 1.0, 'learning_rate': 0.01, 'max_depth': 7, 'n_estimators': 200, 'scale_pos_weight': 6, 'subsample': 1.0}",0.8308874517244368,0.8393025685970471,0.8491635446061387,0.8139825774575994,0.8380842426635591,0.8342840770097562,0.011702247819585305,318
0.9149746417999267,0.03446237971455688,0.020200347900390624,0.003706849569953782,1.0,0.01,7,300,1,0.8,"{'colsample_bytree': 1.0, 'learning_rate': 0.01, 'max_depth': 7, 'n_estimators': 300, 'scale_pos_weight': 1, 'subsample': 0.8}",0.8440205718908611,0.8453785478325356,0.8595939555624043,0.8252617233774112,0.843180264082981,0.8434870125492386,0.01091376621104407,150
0.836378526687622,0.031961298423025364,0.017854928970336914,0.002183436207126404,1.0,0.01,7,300,1,1.0,"{'colsample_bytree': 1.0, 'learning_rate': 0.01, 'max_depth': 7, 'n_estimators': 300, 'scale_pos_weight': 1, 'subsample': 1.0}",0.8402897496893991,0.8457023913860021,0.85673955755025,0.8214044938409532,0.8403728173666823,0.8409018019666574,0.01144272360537039,220
1.0846630096435548,0.06335529203271206,0.026173782348632813,0.009324119313807725,1.0,0.01,7,300,2,0.8,"{'colsample_bytree': 1.0, 'learning_rate': 0.01, 'max_depth': 7, 'n_estimators': 300, 'scale_pos_weight': 2, 'subsample': 0.8}",0.8407749130799087,0.8452966840346334,0.859309840028508,0.8237761362213597,0.842874478720228,0.8424064104169275,0.011349428199853557,178
1.0113871097564697,0.13811378093210191,0.025435161590576173,0.007618815308971415,1.0,0.01,7,300,2,1.0,"{'colsample_bytree': 1.0, 'learning_rate': 0.01, 'max_depth': 7, 'n_estimators': 300, 'scale_pos_weight': 2, 'subsample': 1.0}",0.8378482823048994,0.8447260452080785,0.854488303107935,0.8193133553563001,0.8385104159644038,0.8389772803883234,0.011504804817891432,260
1.1696452140808105,0.13299967680933272,0.021289730072021486,0.00456067749646512,1.0,0.01,7,300,4,0.8,"{'colsample_bytree': 1.0, 'learning_rate': 0.01, 'max_depth': 7, 'n_estimators': 300, 'scale_pos_weight': 4, 'subsample': 0.8}",0.8373270025329621,0.8447838314183626,0.8573258468087565,0.8221677533684546,0.8411649699993258,0.8405538808255724,0.011384438337674002,229
1.0542760372161866,0.10213893939017783,0.0222348690032959,0.004435656878060422,1.0,0.01,7,300,4,1.0,"{'colsample_bytree': 1.0, 'learning_rate': 0.01, 'max_depth': 7, 'n_estimators': 300, 'scale_pos_weight': 4, 'subsample': 1.0}",0.8324163785382015,0.8428118769924203,0.8518156908822991,0.8174617888684497,0.8385164353613084,0.8366044341285358,0.011467790587839088,296
1.3360397815704346,0.1974269085167646,0.025626945495605468,0.01253425215388825,1.0,0.01,7,300,6,0.8,"{'colsample_bytree': 1.0, 'learning_rate': 0.01, 'max_depth': 7, 'n_estimators': 300, 'scale_pos_weight': 6, 'subsample': 0.8}",0.8359136481397655,0.8438929606764839,0.8567214993595361,0.8202246920476542,0.8402018664945923,0.8393909333436065,0.01183816454453438,251
1.2181522846221924,0.15308778219134864,0.015627527236938478,0.000781450688790111,1.0,0.01,7,300,6,1.0,"{'colsample_bytree': 1.0, 'learning_rate': 0.01, 'max_depth': 7, 'n_estimators': 300, 'scale_pos_weight': 6, 'subsample': 1.0}",0.8295667960435709,0.8416104053702651,0.8501266481108724,0.8130363282641986,0.8359581916768595,0.8340596738931534,0.01249746045349296,322
0.20829229354858397,0.055209007840209955,0.013318872451782227,0.005315517456491481,1.0,0.05,3,100,1,0.8,"{'colsample_bytree': 1.0, 'learning_rate': 0.05, 'max_depth': 3, 'n_estimators': 100, 'scale_pos_weight': 1, 'subsample': 0.8}",0.8478753936685576,0.8513124693010758,0.8599021486839191,0.8295366990590478,0.8508152671167571,0.8478883955658715,0.010014050686198843,50
0.1569040298461914,0.04119872320564745,0.008244037628173828,0.0021100117688670835,1.0,0.05,3,100,1,1.0,"{'colsample_bytree': 1.0, 'learning_rate': 0.05, 'max_depth': 3, 'n_estimators': 100, 'scale_pos_weight': 1, 'subsample': 1.0}",0.848722924752723,0.8534276853733471,0.8597107318623534,0.8297606206238985,0.8478717820304148,0.8478987489285474,0.00999763742529016,49
0.12959952354431153,0.00766704679519437,0.006201171875,0.0011702603324498177,1.0,0.05,3,100,2,0.8,"{'colsample_bytree': 1.0, 'learning_rate': 0.05, 'max_depth': 3, 'n_estimators': 100, 'scale_pos_weight': 2, 'subsample': 0.8}",0.8469279405957759,0.852385125829473,0.861196319018405,0.8302277258236943,0.8494633105719872,0.8480400843678672,0.010124311818461035,43
0.08801980018615722,0.011723478359744351,0.007929515838623048,0.004047488315186074,1.0,0.05,3,100,2,1.0,"{'colsample_bytree': 1.0, 'learning_rate': 0.05, 'max_depth': 3, 'n_estimators': 100, 'scale_pos_weight': 2, 'subsample': 1.0}",0.8504360451117682,0.8534517629609655,0.8602091379260529,0.8298605426125145,0.8483689842147336,0.8484652945652069,0.01012731605676032,31
0.14314608573913573,0.023499253438040234,0.008794355392456054,0.0024770943545042307,1.0,0.05,3,100,4,0.8,"{'colsample_bytree': 1.0, 'learning_rate': 0.05, 'max_depth': 3, 'n_estimators': 100, 'scale_pos_weight': 4, 'subsample': 0.8}",0.846546310832025,0.8530580944034055,0.8616417543893441,0.8285964692625516,0.8498617946470708,0.8479408847068793,0.010897162982240851,47
0.12703633308410645,0.05647289164874366,0.009446048736572265,0.0022118462589980977,1.0,0.05,3,100,4,1.0,"{'colsample_bytree': 1.0, 'learning_rate': 0.05, 'max_depth': 3, 'n_estimators': 100, 'scale_pos_weight': 4, 'subsample': 1.0}",0.8472036289740059,0.852660814207703,0.8607424564917991,0.8289732835087787,0.8474287544182373,0.8474017875201048,0.010442993483016695,62
0.17324590682983398,0.05860535785244888,0.008517932891845704,0.0026688119324841256,1.0,0.05,3,100,6,0.8,"{'colsample_bytree': 1.0, 'learning_rate': 0.05, 'max_depth': 3, 'n_estimators': 100, 'scale_pos_weight': 6, 'subsample': 0.8}",0.8464307384114571,0.8520673016729107,0.8628901773073552,0.8284375571842706,0.8494849804008436,0.8478621509953674,0.011185009870763594,54
0.10797905921936035,0.02300092509432592,0.009796476364135743,0.0036461869082565885,1.0,0.05,3,100,6,1.0,"{'colsample_bytree': 1.0, 'learning_rate': 0.05, 'max_depth': 3, 'n_estimators': 100, 'scale_pos_weight': 6, 'subsample': 1.0}",0.8470206393081063,0.8525560767015632,0.8607256021804663,0.8284580231337462,0.8470748138802477,0.8471670310408259,0.010610688723108296,66
0.2467362880706787,0.02863418545728018,0.016238975524902343,0.005350449579104459,1.0,0.05,3,200,1,0.8,"{'colsample_bytree': 1.0, 'learning_rate': 0.05, 'max_depth': 3, 'n_estimators': 200, 'scale_pos_weight': 1, 'subsample': 0.8}",0.848273877743641,0.8513208964567421,0.8637605820997584,0.8323597962072984,0.8499581049975441,0.8491346515009968,0.010015111483484962,11
0.1639401435852051,0.028243616402168194,0.01182713508605957,0.003630141939402032,1.0,0.05,3,200,1,1.0,"{'colsample_bytree': 1.0, 'learning_rate': 0.05, 'max_depth': 3, 'n_estimators': 200, 'scale_pos_weight': 1, 'subsample': 1.0}",0.8493116217699918,0.8550312527087286,0.862733672987836,0.8307441900781077,0.8478260346139399,0.8491293544317207,0.010579754428981732,12
0.2391054630279541,0.018646709618702892,0.010210800170898437,0.0020405215095697826,1.0,0.05,3,200,2,0.8,"{'colsample_bytree': 1.0, 'learning_rate': 0.05, 'max_depth': 3, 'n_estimators': 200, 'scale_pos_weight': 2, 'subsample': 0.8}",0.8462393215898911,0.8529365025859329,0.8643023278211709,0.8320516030857836,0.8489564773526211,0.8488972464870799,0.010435285289825525,18
0.19726061820983887,0.03210989550611339,0.011388826370239257,0.0037687453785800623,1.0,0.05,3,200,2,1.0,"{'colsample_bytree': 1.0, 'learning_rate': 0.05, 'max_depth': 3, 'n_estimators': 200, 'scale_pos_weight': 2, 'subsample': 1.0}",0.8482269264477853,0.8548940104593041,0.8629985264516378,0.8324007281062497,0.8472228910441006,0.8491486165018156,0.010098309305516952,9
0.25539522171020507,0.043366804922151045,0.01071162223815918,0.0022331300360448943,1.0,0.05,3,200,4,0.8,"{'colsample_bytree': 1.0, 'learning_rate': 0.05, 'max_depth': 3, 'n_estimators': 200, 'scale_pos_weight': 4, 'subsample': 0.8}",0.8453845672294402,0.8518349529523939,0.8657253132494149,0.8323766505186313,0.847941607034508,0.8486526181968778,0.010748925422712729,27
0.1687016487121582,0.01803642892542732,0.01570272445678711,0.01397101110774334,1.0,0.05,3,200,4,1.0,"{'colsample_bytree': 1.0, 'learning_rate': 0.05, 'max_depth': 3, 'n_estimators': 200, 'scale_pos_weight': 4, 'subsample': 1.0}",0.845777031907619,0.8541427897256118,0.8627095954002175,0.8315712552127978,0.8464451849640282,0.8481291714420548,0.01030810679380864,42
0.24471559524536132,0.03385039292089364,0.00799403190612793,0.001265232176803887,1.0,0.05,3,200,6,0.8,"{'colsample_bytree': 1.0, 'learning_rate': 0.05, 'max_depth': 3, 'n_estimators': 200, 'scale_pos_weight': 6, 'subsample': 0.8}",0.8434535447024492,0.8520384085677687,0.8660792537874046,0.8310066357831476,0.8481366354942166,0.8481428956669973,0.011423917172746701,41
0.17529172897338868,0.018752763742101594,0.007603263854980469,0.0019860665854300507,1.0,0.05,3,200,6,1.0,"{'colsample_bytree': 1.0, 'learning_rate': 0.05, 'max_depth': 3, 'n_estimators': 200, 'scale_pos_weight': 6, 'subsample': 1.0}",0.844326357253614,0.8551215436622973,0.8626217122054107,0.8309091215532933,0.8472036289740058,0.8480364727297243,0.010683933588065925,44
0.3003800868988037,0.02301968469849413,0.008662080764770508,0.0008832027299028063,1.0,0.05,3,300,1,0.8,"{'colsample_bytree': 1.0, 'learning_rate': 0.05, 'max_depth': 3, 'n_estimators': 300, 'scale_pos_weight': 1, 'subsample': 0.8}",0.8462116323641302,0.8500977550057305,0.8639279213337057,0.8324272134526298,0.8484797411177778,0.8482288526547949,0.010037703697358444,38
0.2106938362121582,0.01300529120573464,0.008735322952270507,0.0009227854596852988,1.0,0.05,3,300,1,1.0,"{'colsample_bytree': 1.0, 'learning_rate': 0.05, 'max_depth': 3, 'n_estimators': 300, 'scale_pos_weight': 1, 'subsample': 1.0}",0.8469760957710125,0.8541945565389912,0.8631875355144417,0.8311583245851432,0.8455073629262937,0.8482047750671764,0.010580432427904341,39
0.2931701183319092,0.013584497841206172,0.010403203964233398,0.001358355471295974,1.0,0.05,3,300,2,0.8,"{'colsample_bytree': 1.0, 'learning_rate': 0.05, 'max_depth': 3, 'n_estimators': 300, 'scale_pos_weight': 2, 'subsample': 0.8}",0.8433632537488802,0.8501386869046818,0.8653966541784245,0.8330965703884197,0.8464138841001243,0.8476818098641061,0.010515119848099611,58
0.1848158359527588,0.0035947141201333496,0.008999300003051759,0.0008936818158967027,1.0,0.05,3,300,2,1.0,"{'colsample_bytree': 1.0, 'learning_rate': 0.05, 'max_depth': 3, 'n_estimators': 300, 'scale_pos_weight': 2, 'subsample': 1.0}",0.8457589737169053,0.8542186341266096,0.8639869114233706,0.8331471333224183,0.8449126465121207,0.8484048598202849,0.010281972464382338,33
0.33637065887451173,0.0396973441956706,0.013250970840454101,0.0028192171205681793,1.0,0.05,3,300,4,0.8,"{'colsample_bytree': 1.0, 'learning_rate': 0.05, 'max_depth': 3, 'n_estimators': 300, 'scale_pos_weight': 4, 'subsample': 0.8}",0.8423267136019107,0.8501579489747763,0.8663236413017308,0.8322610780980632,0.8444961042463234,0.8471130972445607,0.011212998871727848,68
0.22296557426452637,0.020232855499753493,0.014205312728881836,0.009448667462652558,1.0,0.05,3,300,4,1.0,"{'colsample_bytree': 1.0, 'learning_rate': 0.05, 'max_depth': 3, 'n_estimators': 300, 'scale_pos_weight': 4, 'subsample': 1.0}",0.8428853136346562,0.853241084069305,0.8634620200132908,0.8304227542834028,0.8431597981335055,0.8466341940268322,0.011097414410907648,75
0.34316353797912597,0.027212210017714736,0.011063766479492188,0.0016218152198142846,1.0,0.05,3,300,6,0.8,"{'colsample_bytree': 1.0, 'learning_rate': 0.05, 'max_depth': 3, 'n_estimators': 300, 'scale_pos_weight': 6, 'subsample': 0.8}",0.8406761949706735,0.8494934075565101,0.8652136645125253,0.8303782107463089,0.8437472912713929,0.8459017538114821,0.011478488009149378,94
0.23707170486450196,0.014439094407460655,0.009444904327392579,0.0007747502087249421,1.0,0.05,3,300,6,1.0,"{'colsample_bytree': 1.0, 'learning_rate': 0.05, 'max_depth': 3, 'n_estimators': 300, 'scale_pos_weight': 6, 'subsample': 1.0}",0.8417729290866889,0.8534300931321089,0.8635631458812879,0.8308248499966291,0.8424519170575261,0.8464085870308482,0.011167612628381856,80
0.17462592124938964,0.015573744371493316,0.006643915176391601,0.00037035502196276093,1.0,0.05,5,100,1,0.8,"{'colsample_bytree': 1.0, 'learning_rate': 0.05, 'max_depth': 5, 'n_estimators': 100, 'scale_pos_weight': 1, 'subsample': 0.8}",0.8472830850131464,0.8529461336209802,0.8626710712600283,0.8292995348210072,0.8466823492020688,0.8477764347834462,0.010875773363927204,57
0.13680195808410645,0.010090930446040678,0.006517791748046875,0.0006626446725386755,1.0,0.05,5,100,1,1.0,"{'colsample_bytree': 1.0, 'learning_rate': 0.05, 'max_depth': 5, 'n_estimators': 100, 'scale_pos_weight': 1, 'subsample': 1.0}",0.8441566102609046,0.8494392329843687,0.8609904556442682,0.829099690843775,0.8458408375148077,0.8459053654496248,0.010252230717807684,92
0.1681382656097412,0.013300344050820728,0.006476449966430664,0.0005003027501201034,1.0,0.05,5,100,2,0.8,"{'colsample_bytree': 1.0, 'learning_rate': 0.05, 'max_depth': 5, 'n_estimators': 100, 'scale_pos_weight': 2, 'subsample': 0.8}",0.8458757500168543,0.8514196145659773,0.8630575165413027,0.8282654024327996,0.8445334245071316,0.8466303416128131,0.01126966434692262,76
0.14291768074035643,0.016234210835314646,0.009003686904907226,0.001793312456983755,1.0,0.05,5,100,2,1.0,"{'colsample_bytree': 1.0, 'learning_rate': 0.05, 'max_depth': 5, 'n_estimators': 100, 'scale_pos_weight': 2, 'subsample': 1.0}",0.8439459313692441,0.8482064604983096,0.859642110737641,0.8296919994991863,0.8441445714670955,0.8451262147142954,0.009599696276405851,111
0.16779561042785646,0.006112836720892761,0.007107305526733399,0.0006686725638788734,1.0,0.05,5,100,4,0.8,"{'colsample_bytree': 1.0, 'learning_rate': 0.05, 'max_depth': 5, 'n_estimators': 100, 'scale_pos_weight': 4, 'subsample': 0.8}",0.8447392878812685,0.8515038861226416,0.8624230721075593,0.8247284048116651,0.843498088239543,0.8453785478325354,0.012315914625221223,103
0.16035685539245606,0.01417676971091671,0.007636737823486328,0.00222575613838273,1.0,0.05,5,100,4,1.0,"{'colsample_bytree': 1.0, 'learning_rate': 0.05, 'max_depth': 5, 'n_estimators': 100, 'scale_pos_weight': 4, 'subsample': 1.0}",0.8414081536342711,0.8491647484855198,0.8605498357908525,0.8268388053664129,0.8421954907493908,0.8440314068052894,0.011000429829390364,140
0.18212494850158692,0.012316385652174825,0.0067977428436279295,0.0007485805085139641,1.0,0.05,5,100,6,0.8,"{'colsample_bytree': 1.0, 'learning_rate': 0.05, 'max_depth': 5, 'n_estimators': 100, 'scale_pos_weight': 6, 'subsample': 0.8}",0.8440205718908611,0.8501410946634435,0.8625663337538886,0.82558797468964,0.842250869200913,0.8449133688397492,0.012002609194032598,117
0.14270405769348143,0.01025678846724168,0.008108282089233398,0.0018583814495739606,1.0,0.05,5,100,6,1.0,"{'colsample_bytree': 1.0, 'learning_rate': 0.05, 'max_depth': 5, 'n_estimators': 100, 'scale_pos_weight': 6, 'subsample': 1.0}",0.8375677784091455,0.8479428109138889,0.8589342296616618,0.8247284048116652,0.8406786027294354,0.8419703653051596,0.011329425616890317,191
0.3127389907836914,0.022720394179182823,0.010413360595703126,0.0014832114920091193,1.0,0.05,5,200,1,0.8,"{'colsample_bytree': 1.0, 'learning_rate': 0.05, 'max_depth': 5, 'n_estimators': 200, 'scale_pos_weight': 1, 'subsample': 0.8}",0.8417500553784516,0.8504035403684833,0.8639182902986583,0.8292923115447217,0.8402548371873526,0.8451238069555334,0.011548450132348417,112
0.22948107719421387,0.01030330193537195,0.009635066986083985,0.0006076175131815311,1.0,0.05,5,200,1,1.0,"{'colsample_bytree': 1.0, 'learning_rate': 0.05, 'max_depth': 5, 'n_estimators': 200, 'scale_pos_weight': 1, 'subsample': 1.0}",0.8412877656961794,0.8454748581830089,0.8615719293852511,0.8284447804605561,0.8441048434475252,0.8441768354345041,0.010584173251731695,135
0.35957560539245603,0.04845269801430481,0.012737321853637695,0.002857462111102334,1.0,0.05,5,200,2,0.8,"{'colsample_bytree': 1.0, 'learning_rate': 0.05, 'max_depth': 5, 'n_estimators': 200, 'scale_pos_weight': 2, 'subsample': 0.8}",0.8398407026803172,0.8492430006452794,0.8628275755795475,0.8266943398407026,0.8380204370563705,0.8433252111604433,0.012101493782334988,157
0.3283909797668457,0.03465398657803635,0.013056230545043946,0.006591701285082522,1.0,0.05,5,200,2,1.0,"{'colsample_bytree': 1.0, 'learning_rate': 0.05, 'max_depth': 5, 'n_estimators': 200, 'scale_pos_weight': 2, 'subsample': 1.0}",0.8411240381003746,0.8448753262513122,0.8613769009255424,0.8300832602979843,0.840104352264738,0.8435127755679904,0.010184879141606214,149
0.3909299850463867,0.06515871237305672,0.019468021392822266,0.013671644022899169,1.0,0.05,5,200,4,0.8,"{'colsample_bytree': 1.0, 'learning_rate': 0.05, 'max_depth': 5, 'n_estimators': 200, 'scale_pos_weight': 4, 'subsample': 0.8}",0.8386199689880672,0.8504420645086725,0.8642625998016007,0.8248355500765667,0.8370717801042077,0.843046392695823,0.013354755084855886,168
0.433181619644165,0.0950253276919069,0.0165708065032959,0.00688602152344984,1.0,0.05,5,200,4,1.0,"{'colsample_bytree': 1.0, 'learning_rate': 0.05, 'max_depth': 5, 'n_estimators': 200, 'scale_pos_weight': 4, 'subsample': 1.0}",0.8368454507805954,0.8465992815247855,0.8610301836638383,0.82697965925398,0.8400971289884525,0.8423103408423304,0.011301510124757334,181
0.5416454315185547,0.08719194931393102,0.013704204559326172,0.0034578171664531266,1.0,0.05,5,200,6,0.8,"{'colsample_bytree': 1.0, 'learning_rate': 0.05, 'max_depth': 5, 'n_estimators': 200, 'scale_pos_weight': 6, 'subsample': 0.8}",0.8363301904055629,0.8494885920389864,0.860626884071231,0.8220907050880758,0.8340331885467731,0.8405139120301259,0.013296573867856602,230
0.32086734771728515,0.02630299710435292,0.008966922760009766,0.0006358379360041772,1.0,0.05,5,200,6,1.0,"{'colsample_bytree': 1.0, 'learning_rate': 0.05, 'max_depth': 5, 'n_estimators': 200, 'scale_pos_weight': 6, 'subsample': 1.0}",0.8347795937629416,0.8447212296905549,0.859773333590161,0.8232572642081845,0.8368851788001657,0.8398833200104014,0.012087022910049412,242
0.46184983253479006,0.023218164548654108,0.015711641311645506,0.0028575835320516826,1.0,0.05,5,300,1,0.8,"{'colsample_bytree': 1.0, 'learning_rate': 0.05, 'max_depth': 5, 'n_estimators': 300, 'scale_pos_weight': 1, 'subsample': 0.8}",0.8358606774470052,0.8454724504242471,0.8585056486020551,0.8281004709576137,0.8354706205275881,0.8406819735917018,0.010481692277138509,226
0.35344600677490234,0.027737757803519586,0.01671147346496582,0.007856319631487063,1.0,0.05,5,300,1,1.0,"{'colsample_bytree': 1.0, 'learning_rate': 0.05, 'max_depth': 5, 'n_estimators': 300, 'scale_pos_weight': 1, 'subsample': 1.0}",0.8364048309271798,0.8425638778399515,0.861759734568674,0.826819543296318,0.8406232242779131,0.8416342421820072,0.01143454300451454,202
0.561577844619751,0.028372441765399294,0.016817617416381835,0.0029478075526671492,1.0,0.05,5,300,2,0.8,"{'colsample_bytree': 1.0, 'learning_rate': 0.05, 'max_depth': 5, 'n_estimators': 300, 'scale_pos_weight': 2, 'subsample': 0.8}",0.8353670869008292,0.8441313287939055,0.8587897641359515,0.8242793578025831,0.8313798383912319,0.8387894752049003,0.011880285548211713,265
0.47487854957580566,0.06862949861506787,0.01760239601135254,0.0028658789329338826,1.0,0.05,5,300,2,1.0,"{'colsample_bytree': 1.0, 'learning_rate': 0.05, 'max_depth': 5, 'n_estimators': 300, 'scale_pos_weight': 2, 'subsample': 1.0}",0.8354080187997804,0.843469195134401,0.8593832766707438,0.8286542554728358,0.8324512910402481,0.8398732074236017,0.010903775169783065,243
0.5825410842895508,0.07393955878936195,0.01698193550109863,0.004970736123661967,1.0,0.05,5,300,4,0.8,"{'colsample_bytree': 1.0, 'learning_rate': 0.05, 'max_depth': 5, 'n_estimators': 300, 'scale_pos_weight': 4, 'subsample': 0.8}",0.8303445021236432,0.8435703210023981,0.860728009939228,0.8198466739220465,0.8317241478941743,0.8372427309762982,0.013944603580437294,287
0.39951300621032715,0.03697118473228366,0.01243762969970703,0.001369827802853614,1.0,0.05,5,300,4,1.0,"{'colsample_bytree': 1.0, 'learning_rate': 0.05, 'max_depth': 5, 'n_estimators': 300, 'scale_pos_weight': 4, 'subsample': 1.0}",0.8311101694099066,0.8423905192090994,0.8590197050977069,0.824368444876771,0.8345677109919003,0.8382913099170768,0.01188065673651115,274
0.5683807373046875,0.041296342729963555,0.015484237670898437,0.0020298765195918733,1.0,0.05,5,300,6,0.8,"{'colsample_bytree': 1.0, 'learning_rate': 0.05, 'max_depth': 5, 'n_estimators': 300, 'scale_pos_weight': 6, 'subsample': 0.8}",0.8305443461008755,0.8442685710433299,0.8569550519594341,0.817819341044582,0.8279463743968565,0.8355067369090156,0.013648650718751668,309
0.46749153137207033,0.053756738666766044,0.017805957794189455,0.0033093045577827843,1.0,0.05,5,300,6,1.0,"{'colsample_bytree': 1.0, 'learning_rate': 0.05, 'max_depth': 5, 'n_estimators': 300, 'scale_pos_weight': 6, 'subsample': 1.0}",0.8274840847145843,0.8407893596324796,0.8595494120253103,0.8206990205237357,0.8334059673893154,0.8363855688570851,0.01334270772351714,298
0.3487349033355713,0.02982756186236448,0.010994434356689453,0.0025288489886396938,1.0,0.05,7,100,1,0.8,"{'colsample_bytree': 1.0, 'learning_rate': 0.05, 'max_depth': 7, 'n_estimators': 100, 'scale_pos_weight': 1, 'subsample': 0.8}",0.8374546137473394,0.8458528763086168,0.8618115013820535,0.8246898806714759,0.8375894482380022,0.8414796640694977,0.012212618307771953,206
0.28568496704101565,0.009096459643828438,0.010202503204345703,0.001599479961030867,1.0,0.05,7,100,1,1.0,"{'colsample_bytree': 1.0, 'learning_rate': 0.05, 'max_depth': 7, 'n_estimators': 100, 'scale_pos_weight': 1, 'subsample': 1.0}",0.8350673209349809,0.8435799520374454,0.8577327580395065,0.8199791006539473,0.83794098101723,0.8388600225366221,0.012248888225040697,264
0.32624292373657227,0.01781489015976171,0.010204219818115234,0.0020383315596432766,1.0,0.05,7,100,2,0.8,"{'colsample_bytree': 1.0, 'learning_rate': 0.05, 'max_depth': 7, 'n_estimators': 100, 'scale_pos_weight': 2, 'subsample': 0.8}",0.8377363215224739,0.8449114426327397,0.8583684063526307,0.8230225077289057,0.8365420731766043,0.8401161502826708,0.011547899447171099,236
0.3024449825286865,0.040225242627383126,0.012272787094116212,0.005027990681442736,1.0,0.05,7,100,2,1.0,"{'colsample_bytree': 1.0, 'learning_rate': 0.05, 'max_depth': 7, 'n_estimators': 100, 'scale_pos_weight': 2, 'subsample': 1.0}",0.8351564080091687,0.8444202598453256,0.8549626315840164,0.8185910277277499,0.8345845653032331,0.8375429784938987,0.012036325666037356,282
0.3978875637054443,0.06895263620294047,0.027180290222167967,0.02062145846930361,1.0,0.05,7,100,4,0.8,"{'colsample_bytree': 1.0, 'learning_rate': 0.05, 'max_depth': 7, 'n_estimators': 100, 'scale_pos_weight': 4, 'subsample': 0.8}",0.8336936945613544,0.8441674451753332,0.8586043667112905,0.8221183943138368,0.8365854128343173,0.8390338627192264,0.012083076342587902,258
0.3784176826477051,0.0842734715943369,0.014564275741577148,0.003151995145775489,1.0,0.05,7,100,4,1.0,"{'colsample_bytree': 1.0, 'learning_rate': 0.05, 'max_depth': 7, 'n_estimators': 100, 'scale_pos_weight': 4, 'subsample': 1.0}",0.8272637747878765,0.8437846115322014,0.8537346746154809,0.815119039593185,0.8345640993537575,0.8348932399765003,0.013292044393621161,314
0.40529603958129884,0.06822020270778288,0.011341667175292969,0.0022973983631216516,1.0,0.05,7,100,6,0.8,"{'colsample_bytree': 1.0, 'learning_rate': 0.05, 'max_depth': 7, 'n_estimators': 100, 'scale_pos_weight': 6, 'subsample': 0.8}",0.8325283393206269,0.8414755708796025,0.855390008764242,0.8204317593011721,0.8377483603162833,0.8375148077163853,0.011418935277614376,284
0.3480663299560547,0.037735675000887176,0.009471416473388672,0.0007781172896100894,1.0,0.05,7,100,6,1.0,"{'colsample_bytree': 1.0, 'learning_rate': 0.05, 'max_depth': 7, 'n_estimators': 100, 'scale_pos_weight': 6, 'subsample': 1.0}",0.8254049850237405,0.8406160010016277,0.8503096377767718,0.8123729907253133,0.8345954002176613,0.8326598029490228,0.012982691762608422,336
0.5613171100616455,0.04358513280769413,0.013723230361938477,0.0026641375202913478,1.0,0.05,7,200,1,0.8,"{'colsample_bytree': 1.0, 'learning_rate': 0.05, 'max_depth': 7, 'n_estimators': 200, 'scale_pos_weight': 1, 'subsample': 0.8}",0.8279295200855237,0.84426857104333,0.8597384210881144,0.8245321724725756,0.8284243145110806,0.8369785998401248,0.013275001615785287,292
0.440516996383667,0.028826327416057392,0.013808393478393554,0.0022356842379661008,1.0,0.05,7,200,1,1.0,"{'colsample_bytree': 1.0, 'learning_rate': 0.05, 'max_depth': 7, 'n_estimators': 200, 'scale_pos_weight': 1, 'subsample': 1.0}",0.8298436883011816,0.840334293226493,0.8536058595217227,0.8192254721614932,0.8338718687097302,0.8353762363841242,0.011407198453221358,311
0.5621475219726563,0.021084268066918866,0.012299346923828124,0.0007850794360989555,1.0,0.05,7,200,2,0.8,"{'colsample_bytree': 1.0, 'learning_rate': 0.05, 'max_depth': 7, 'n_estimators': 200, 'scale_pos_weight': 2, 'subsample': 0.8}",0.8273733278115397,0.8430117209696526,0.8526042318767999,0.8175906039622077,0.8263644768903314,0.8333888723021063,0.012624923358354757,329
0.47323126792907716,0.02152824025037058,0.012927055358886719,0.0016774957595238908,1.0,0.05,7,200,2,1.0,"{'colsample_bytree': 1.0, 'learning_rate': 0.05, 'max_depth': 7, 'n_estimators': 200, 'scale_pos_weight': 2, 'subsample': 1.0}",0.8282930916585606,0.8416200364053124,0.8514196145659775,0.8160544538721577,0.8289022546253046,0.8332578902254625,0.01216020335691402,331
0.6012470245361328,0.03373234430984333,0.014117002487182617,0.0016699973031814278,1.0,0.05,7,200,4,0.8,"{'colsample_bytree': 1.0, 'learning_rate': 0.05, 'max_depth': 7, 'n_estimators': 200, 'scale_pos_weight': 4, 'subsample': 0.8}",0.8244045612581984,0.8424145967967178,0.8549325345994934,0.8175352255106857,0.8264656027583285,0.8331505041846847,0.013603651081500731,332
0.4725052833557129,0.02286855130749746,0.014398908615112305,0.002059176957308581,1.0,0.05,7,200,4,1.0,"{'colsample_bytree': 1.0, 'learning_rate': 0.05, 'max_depth': 7, 'n_estimators': 200, 'scale_pos_weight': 4, 'subsample': 1.0}",0.8222303550962622,0.8382563974150301,0.8525332029933257,0.813795976153557,0.8289022546253046,0.8311436372566959,0.013367996261166136,355
0.5967229843139649,0.025337612009206034,0.014027643203735351,0.0035783885848154947,1.0,0.05,7,200,6,0.8,"{'colsample_bytree': 1.0, 'learning_rate': 0.05, 'max_depth': 7, 'n_estimators': 200, 'scale_pos_weight': 6, 'subsample': 0.8}",0.824556250060194,0.8397732854349858,0.8520865637430055,0.8145496046460112,0.8243997457406746,0.8310730899249741,0.013246039211801635,357
0.5144004821777344,0.035025119949954574,0.012604713439941406,0.0007955041740797605,1.0,0.05,7,200,6,1.0,"{'colsample_bytree': 1.0, 'learning_rate': 0.05, 'max_depth': 7, 'n_estimators': 200, 'scale_pos_weight': 6, 'subsample': 1.0}",0.8206725351773555,0.8368021111228826,0.8467317082566863,0.8109788984022113,0.8305010064431626,0.8291372518804596,0.01242217387411091,379
0.8571158409118652,0.04860121969754276,0.01840176582336426,0.002245006441039989,1.0,0.05,7,300,1,0.8,"{'colsample_bytree': 1.0, 'learning_rate': 0.05, 'max_depth': 7, 'n_estimators': 300, 'scale_pos_weight': 1, 'subsample': 0.8}",0.8212744748678141,0.8384490181159768,0.8521660197821459,0.8189004247286455,0.8186524255761768,0.829888472614152,0.013347351450071992,371
0.7182017803192139,0.0488914888794205,0.01928238868713379,0.0027972984431988207,1.0,0.05,7,300,1,1.0,"{'colsample_bytree': 1.0, 'learning_rate': 0.05, 'max_depth': 7, 'n_estimators': 300, 'scale_pos_weight': 1, 'subsample': 1.0}",0.8240771060665889,0.839115967293005,0.8496475041172675,0.8189654342152151,0.8296005046662365,0.8322813032716627,0.010955413874113308,341
0.8696133613586425,0.06840515837591822,0.016919326782226563,0.0006495537902496773,1.0,0.05,7,300,2,0.8,"{'colsample_bytree': 1.0, 'learning_rate': 0.05, 'max_depth': 7, 'n_estimators': 300, 'scale_pos_weight': 2, 'subsample': 0.8}",0.8218619680057015,0.8373823809844844,0.8472951238069557,0.8133722106114745,0.8185994548834163,0.8277022276584065,0.0126483630677941,385
0.6563286304473877,0.025058394483095735,0.017722272872924806,0.0022596098293060753,1.0,0.05,7,300,2,1.0,"{'colsample_bytree': 1.0, 'learning_rate': 0.05, 'max_depth': 7, 'n_estimators': 300, 'scale_pos_weight': 2, 'subsample': 1.0}",0.8211613102060079,0.8380204370563705,0.8469532220627752,0.8123320588263622,0.8252207914784602,0.8287375639259953,0.012303575426372067,381
0.8492763996124267,0.027421117824767527,0.017007732391357423,0.001551989212643175,1.0,0.05,7,300,4,0.8,"{'colsample_bytree': 1.0, 'learning_rate': 0.05, 'max_depth': 7, 'n_estimators': 300, 'scale_pos_weight': 4, 'subsample': 0.8}",0.8194662480376765,0.8384129017345493,0.8467244849804009,0.8138754321926978,0.8172992651520258,0.8271556664194701,0.012979248275017882,389
0.6926443576812744,0.03353049223694601,0.01712174415588379,0.0012496737640973613,1.0,0.05,7,300,4,1.0,"{'colsample_bytree': 1.0, 'learning_rate': 0.05, 'max_depth': 7, 'n_estimators': 300, 'scale_pos_weight': 4, 'subsample': 1.0}",0.8161339099112982,0.8352346601689283,0.8442902408721866,0.8101024742129035,0.8221894231973109,0.8255901416725255,0.01251849428417146,401
0.8764942646026611,0.031912914955624594,0.017406415939331055,0.0027026155377836143,1.0,0.05,7,300,6,0.8,"{'colsample_bytree': 1.0, 'learning_rate': 0.05, 'max_depth': 7, 'n_estimators': 300, 'scale_pos_weight': 6, 'subsample': 0.8}",0.8204365748186958,0.8354778438038735,0.8460840211497531,0.8114604501545781,0.8180769712320982,0.8263071722317996,0.012632103935029074,395
0.7174908638000488,0.045252679515027566,0.014961004257202148,0.0018262659226118063,1.0,0.05,7,300,6,1.0,"{'colsample_bytree': 1.0, 'learning_rate': 0.05, 'max_depth': 7, 'n_estimators': 300, 'scale_pos_weight': 6, 'subsample': 1.0}",0.8157245909217864,0.8337069372345446,0.8421088114339649,0.8057323920601747,0.8263283605089038,0.8247202184318748,0.012862109212664898,405
0.11758017539978027,0.011373378455748977,0.013606548309326172,0.00906524431036261,1.0,0.1,3,100,1,0.8,"{'colsample_bytree': 1.0, 'learning_rate': 0.1, 'max_depth': 3, 'n_estimators': 100, 'scale_pos_weight': 1, 'subsample': 0.8}",0.8483798191291618,0.8522334370274773,0.8629082354980689,0.8334986661016459,0.8469038630081575,0.8487848041529024,0.009473461359468902,23
0.1263908863067627,0.01795457197168587,0.010197877883911133,0.003591087665007878,1.0,0.1,3,100,1,1.0,"{'colsample_bytree': 1.0, 'learning_rate': 0.1, 'max_depth': 3, 'n_estimators': 100, 'scale_pos_weight': 1, 'subsample': 1.0}",0.8492225346958038,0.8532892392445416,0.862255732873612,0.8310933150985736,0.8462910884032707,0.8484303820631605,0.01020320334240505,32
0.12470412254333496,0.00934198269950624,0.006855916976928711,0.0011103236360097417,1.0,0.1,3,100,2,0.8,"{'colsample_bytree': 1.0, 'learning_rate': 0.1, 'max_depth': 3, 'n_estimators': 100, 'scale_pos_weight': 2, 'subsample': 0.8}",0.8467473586886383,0.8528112991303176,0.8653340524506169,0.8330520268513257,0.8469712802534888,0.8489832034748774,0.010438906112638011,16
0.07701148986816406,0.00450371288531615,0.006431388854980469,0.001333185073497169,1.0,0.1,3,100,2,1.0,"{'colsample_bytree': 1.0, 'learning_rate': 0.1, 'max_depth': 3, 'n_estimators': 100, 'scale_pos_weight': 2, 'subsample': 1.0}",0.8483533337827818,0.8540729647215187,0.862938332482592,0.8311884215696662,0.8474311621769992,0.8487968429467116,0.010391703181007909,22
0.12066593170166015,0.0182844032206652,0.007399415969848633,0.0034981475674060137,1.0,0.1,3,100,4,0.8,"{'colsample_bytree': 1.0, 'learning_rate': 0.1, 'max_depth': 3, 'n_estimators': 100, 'scale_pos_weight': 4, 'subsample': 0.8}",0.8450221995357841,0.8512005085186505,0.864228891178935,0.8305624042915892,0.847984946692221,0.847799790043436,0.010829192119810937,56
0.07537012100219727,0.006327170404253926,0.0060005664825439455,0.0014825689183195466,1.0,0.1,3,100,4,1.0,"{'colsample_bytree': 1.0, 'learning_rate': 0.1, 'max_depth': 3, 'n_estimators': 100, 'scale_pos_weight': 4, 'subsample': 1.0}",0.8468207953308742,0.8539140526432375,0.8623869557261319,0.8304083077308319,0.845996137954946,0.8479052498772042,0.010552622891435296,48
0.11549553871154786,0.018750402495591845,0.005199003219604492,0.000408359884588649,1.0,0.1,3,100,6,0.8,"{'colsample_bytree': 1.0, 'learning_rate': 0.1, 'max_depth': 3, 'n_estimators': 100, 'scale_pos_weight': 6, 'subsample': 0.8}",0.842992458899558,0.8508826843620884,0.863982095905847,0.8283954214059384,0.845036646088355,0.8462578613323573,0.011547800302374973,83
0.07539787292480468,0.005085840416378768,0.0059234619140625,0.0016827709743946855,1.0,0.1,3,100,6,1.0,"{'colsample_bytree': 1.0, 'learning_rate': 0.1, 'max_depth': 3, 'n_estimators': 100, 'scale_pos_weight': 6, 'subsample': 1.0}",0.8463199815084126,0.8541042655854224,0.8631586424092997,0.8287300998738334,0.8451353641975903,0.8474896707149118,0.011385095251417602,60
0.19450902938842773,0.012239370448686273,0.006997251510620117,0.0008929334999877063,1.0,0.1,3,200,1,0.8,"{'colsample_bytree': 1.0, 'learning_rate': 0.1, 'max_depth': 3, 'n_estimators': 200, 'scale_pos_weight': 1, 'subsample': 0.8}",0.8426252756883782,0.8507743352178059,0.863227263534012,0.8328317169246179,0.8400549932101203,0.845902716914987,0.010389043408453882,93
0.12628097534179689,0.0038393913987372287,0.00719904899597168,0.0004061808520824563,1.0,0.1,3,200,1,1.0,"{'colsample_bytree': 1.0, 'learning_rate': 0.1, 'max_depth': 3, 'n_estimators': 200, 'scale_pos_weight': 1, 'subsample': 1.0}",0.8457288767323825,0.8510319654053222,0.8628588764434513,0.8309741310398628,0.8426938968130904,0.8466575492868218,0.010432268205609625,74
0.18449292182922364,0.005306783384508068,0.006378364562988281,0.0007577255787501044,1.0,0.1,3,200,2,0.8,"{'colsample_bytree': 1.0, 'learning_rate': 0.1, 'max_depth': 3, 'n_estimators': 200, 'scale_pos_weight': 2, 'subsample': 0.8}",0.8412010863807533,0.8511403145496046,0.864476890331404,0.832017894463118,0.8432500890870742,0.8464172549623908,0.010890717686800371,79
0.12248482704162597,0.003726632787582451,0.007015037536621094,0.0011252246151268743,1.0,0.1,3,200,2,1.0,"{'colsample_bytree': 1.0, 'learning_rate': 0.1, 'max_depth': 3, 'n_estimators': 200, 'scale_pos_weight': 2, 'subsample': 1.0}",0.8431405360634108,0.8521407383151467,0.8627360807465978,0.8325295432000077,0.8407099035933392,0.8462513603837005,0.010345085944506798,84
0.18275022506713867,0.006007960791541339,0.007309103012084961,0.0016804405590598397,1.0,0.1,3,200,4,0.8,"{'colsample_bytree': 1.0, 'learning_rate': 0.1, 'max_depth': 3, 'n_estimators': 200, 'scale_pos_weight': 4, 'subsample': 0.8}",0.8402355751172578,0.8491719717618051,0.8645972782694957,0.8282882761410368,0.8428142847511823,0.8450214772081555,0.011901387881683753,114
0.12123022079467774,0.00567545111329472,0.007045650482177734,0.0007077588518957827,1.0,0.1,3,200,4,1.0,"{'colsample_bytree': 1.0, 'learning_rate': 0.1, 'max_depth': 3, 'n_estimators': 200, 'scale_pos_weight': 4, 'subsample': 1.0}",0.8402969729656846,0.8516327012163999,0.8619222582850978,0.8299544452042261,0.839625208271133,0.8446863171885083,0.011020336972064886,122
0.18387861251831056,0.0014581273967053873,0.007318019866943359,0.0010650516751190254,1.0,0.1,3,200,6,0.8,"{'colsample_bytree': 1.0, 'learning_rate': 0.1, 'max_depth': 3, 'n_estimators': 200, 'scale_pos_weight': 6, 'subsample': 0.8}",0.838853521587965,0.8512005085186505,0.8633909911298168,0.8235594379327945,0.840695457040768,0.843539983241999,0.013281736367462002,148
0.12764482498168944,0.004470811942922265,0.00660099983215332,0.0004896228536856613,1.0,0.1,3,200,6,1.0,"{'colsample_bytree': 1.0, 'learning_rate': 0.1, 'max_depth': 3, 'n_estimators': 200, 'scale_pos_weight': 6, 'subsample': 1.0}",0.8398190328514605,0.8505552291704789,0.8621172867448065,0.8271879303868788,0.8383490961273609,0.8436057150561972,0.011853174181947196,144
0.27847018241882326,0.015100858000026472,0.008915090560913086,0.0006538929793280229,1.0,0.1,3,300,1,0.8,"{'colsample_bytree': 1.0, 'learning_rate': 0.1, 'max_depth': 3, 'n_estimators': 300, 'scale_pos_weight': 1, 'subsample': 0.8}",0.8392821026475714,0.8467991255020176,0.859553023663453,0.8307730831832496,0.8372066145948706,0.8427227899182324,0.00984820074790358,172
0.17279295921325682,0.003826916265316854,0.008403158187866211,0.0010220404512340459,1.0,0.1,3,300,1,1.0,"{'colsample_bytree': 1.0, 'learning_rate': 0.1, 'max_depth': 3, 'n_estimators': 300, 'scale_pos_weight': 1, 'subsample': 1.0}",0.8410469898199958,0.8485917019002032,0.8591364813976557,0.8291695158478681,0.8388005508952048,0.8433490479721856,0.010037688011016557,154
0.33347373008728026,0.026205824356175408,0.01084914207458496,0.004409931148223269,1.0,0.1,3,300,2,0.8,"{'colsample_bytree': 1.0, 'learning_rate': 0.1, 'max_depth': 3, 'n_estimators': 300, 'scale_pos_weight': 2, 'subsample': 0.8}",0.8374209051246738,0.8466016892835472,0.8596613728077356,0.8280788011287573,0.8401513035605938,0.8423828143810616,0.010493354715050831,179
0.2668446063995361,0.018456858670069257,0.011163282394409179,0.0032760133511192417,1.0,0.1,3,300,2,1.0,"{'colsample_bytree': 1.0, 'learning_rate': 0.1, 'max_depth': 3, 'n_estimators': 300, 'scale_pos_weight': 2, 'subsample': 1.0}",0.8379385732584681,0.8485640126744421,0.859088326222419,0.8298111835578968,0.8362218412612803,0.8423247873949012,0.010324914266574566,180
0.32724504470825194,0.012660842461883854,0.009199285507202148,0.0014693346464025527,1.0,0.1,3,300,4,0.8,"{'colsample_bytree': 1.0, 'learning_rate': 0.1, 'max_depth': 3, 'n_estimators': 300, 'scale_pos_weight': 4, 'subsample': 0.8}",0.8322562625805395,0.8425783243925223,0.8603018366383836,0.8239904267511629,0.8372114301123943,0.8392676560950006,0.012166994011983689,252
0.1895155429840088,0.006949168798704829,0.009381914138793945,0.002148490336031601,1.0,0.1,3,300,4,1.0,"{'colsample_bytree': 1.0, 'learning_rate': 0.1, 'max_depth': 3, 'n_estimators': 300, 'scale_pos_weight': 4, 'subsample': 1.0}",0.8333662393697451,0.8497727075728827,0.8576773795879844,0.8266004372489911,0.8353923683678284,0.8405618264294864,0.01141229730592358,228
0.3260974884033203,0.02626798307300918,0.010221910476684571,0.0021671376740604767,1.0,0.1,3,300,6,0.8,"{'colsample_bytree': 1.0, 'learning_rate': 0.1, 'max_depth': 3, 'n_estimators': 300, 'scale_pos_weight': 6, 'subsample': 0.8}",0.8345027015053309,0.8468833970586819,0.8586188132638615,0.8202198765301306,0.8354754360451118,0.8391400448806234,0.012901852600227191,255
0.2295231342315674,0.027915385712121186,0.010727787017822265,0.004181813330569716,1.0,0.1,3,300,6,1.0,"{'colsample_bytree': 1.0, 'learning_rate': 0.1, 'max_depth': 3, 'n_estimators': 300, 'scale_pos_weight': 6, 'subsample': 1.0}",0.8351552041297877,0.847448016488332,0.8574799433695139,0.8247898026600918,0.833369851007888,0.8396485635311226,0.011482028197615393,245
0.17189640998840333,0.011714037346375474,0.0076502799987792965,0.0011385588877230127,1.0,0.1,5,100,1,0.8,"{'colsample_bytree': 1.0, 'learning_rate': 0.1, 'max_depth': 5, 'n_estimators': 100, 'scale_pos_weight': 1, 'subsample': 0.8}",0.8405558070325818,0.8517278076874921,0.8582263485856825,0.8288661382438771,0.8408182527376218,0.844038870857451,0.010130352447080212,139
0.13434805870056152,0.01508662965874266,0.007739448547363281,0.00135442576519965,1.0,0.1,5,100,1,1.0,"{'colsample_bytree': 1.0, 'learning_rate': 0.1, 'max_depth': 5, 'n_estimators': 100, 'scale_pos_weight': 1, 'subsample': 1.0}",0.8410806984426616,0.8453340042954416,0.8619463358727163,0.8254278587319779,0.842569897236856,0.8432717589159306,0.011633493113499217,159
0.18806910514831543,0.01752869325758429,0.006657791137695312,0.00041042148429435034,1.0,0.1,5,100,2,0.8,"{'colsample_bytree': 1.0, 'learning_rate': 0.1, 'max_depth': 5, 'n_estimators': 100, 'scale_pos_weight': 2, 'subsample': 0.8}",0.8410518053375197,0.8476683264150398,0.8599647504117267,0.822451868902351,0.8383262224191235,0.8418925946971522,0.012258300424204427,194
0.1532289505004883,0.02437496599631821,0.008844661712646484,0.0038361443441800687,1.0,0.1,5,100,2,1.0,"{'colsample_bytree': 1.0, 'learning_rate': 0.1, 'max_depth': 5, 'n_estimators': 100, 'scale_pos_weight': 2, 'subsample': 1.0}",0.8400140613111691,0.8450149762594986,0.8613504155791624,0.8261838949831939,0.8414454738950795,0.8428017644056208,0.011266899872640224,171
0.25052428245544434,0.0406785968030552,0.01300654411315918,0.006308260379855427,1.0,0.1,5,100,4,0.8,"{'colsample_bytree': 1.0, 'learning_rate': 0.1, 'max_depth': 5, 'n_estimators': 100, 'scale_pos_weight': 4, 'subsample': 0.8}",0.8345941963382805,0.8426914890543287,0.8577953597673142,0.8260129441111037,0.8337851893943041,0.8389758357330663,0.010790353996808784,261
0.1994018077850342,0.03549847751812412,0.010913372039794922,0.003176057157748712,1.0,0.1,5,100,4,1.0,"{'colsample_bytree': 1.0, 'learning_rate': 0.1, 'max_depth': 5, 'n_estimators': 100, 'scale_pos_weight': 4, 'subsample': 1.0}",0.8362868507478499,0.8445683370091783,0.8608496017567008,0.8226721788290587,0.8396516936175131,0.8408057323920601,0.012381371121497953,222
0.22002487182617186,0.03203421132224371,0.010494804382324219,0.007233393961390064,1.0,0.1,5,100,6,0.8,"{'colsample_bytree': 1.0, 'learning_rate': 0.1, 'max_depth': 5, 'n_estimators': 100, 'scale_pos_weight': 6, 'subsample': 0.8}",0.8358943860696708,0.8422219760957712,0.8608508056360819,0.823786971135788,0.8354272808698752,0.8396362839614374,0.01216272960811015,247
0.1509389877319336,0.015560146076885027,0.006766271591186523,0.00038908718245086164,1.0,0.1,5,100,6,1.0,"{'colsample_bytree': 1.0, 'learning_rate': 0.1, 'max_depth': 5, 'n_estimators': 100, 'scale_pos_weight': 6, 'subsample': 1.0}",0.8374257206421973,0.8481546936849305,0.8606666120908013,0.8213370765956218,0.8328545906328552,0.8400877387292812,0.013413112190818333,237
0.28383121490478513,0.006486474012862835,0.009284782409667968,0.0015708595264810681,1.0,0.1,5,200,1,0.8,"{'colsample_bytree': 1.0, 'learning_rate': 0.1, 'max_depth': 5, 'n_estimators': 200, 'scale_pos_weight': 1, 'subsample': 0.8}",0.8264222631006155,0.8475672005470427,0.8534613939960127,0.8245658810952413,0.8303830262638325,0.836479953000549,0.011760707015826906,297
0.20384488105773926,0.01331896919303621,0.009797763824462891,0.0011655660682032025,1.0,0.1,5,200,1,1.0,"{'colsample_bytree': 1.0, 'learning_rate': 0.1, 'max_depth': 5, 'n_estimators': 200, 'scale_pos_weight': 1, 'subsample': 1.0}",0.8314015082200885,0.8375894482380022,0.8600935655054849,0.8243275129778198,0.8341872851075305,0.8375198640097852,0.012100870436802776,283
0.33996076583862306,0.033459439100691005,0.010724544525146484,0.0023871296827476683,1.0,0.1,5,200,2,0.8,"{'colsample_bytree': 1.0, 'learning_rate': 0.1, 'max_depth': 5, 'n_estimators': 200, 'scale_pos_weight': 2, 'subsample': 0.8}",0.8279126657741906,0.8455567219809114,0.8537864414288604,0.8148842831139063,0.8284207028729378,0.8341121630341612,0.013846248669648294,321
0.3100463390350342,0.028239805283510545,0.009398174285888673,0.0004895374179045167,1.0,0.1,5,200,2,1.0,"{'colsample_bytree': 1.0, 'learning_rate': 0.1, 'max_depth': 5, 'n_estimators': 200, 'scale_pos_weight': 2, 'subsample': 1.0}",0.8284303339079852,0.8388318517591085,0.8555176199786191,0.818765590237983,0.8309079176739124,0.8344906627115216,0.01231113646881359,315
0.3312730312347412,0.038450643700449344,0.010030078887939452,0.001985015740025478,1.0,0.1,5,200,4,0.8,"{'colsample_bytree': 1.0, 'learning_rate': 0.1, 'max_depth': 5, 'n_estimators': 200, 'scale_pos_weight': 4, 'subsample': 0.8}",0.8227913628877696,0.8378254085966619,0.8515255559514981,0.8163361616472922,0.8235690689678421,0.8304095116102129,0.012678879141441635,367
0.2298675537109375,0.0058491302822243265,0.009117698669433594,0.00047220155024269467,1.0,0.1,5,200,4,1.0,"{'colsample_bytree': 1.0, 'learning_rate': 0.1, 'max_depth': 5, 'n_estimators': 200, 'scale_pos_weight': 4, 'subsample': 1.0}",0.82670397087575,0.8404980208222976,0.8557728424073735,0.8185705617782744,0.8269062226117441,0.833690323699088,0.013095210777232157,327
0.35844106674194337,0.025211180228816955,0.012806940078735351,0.0029946864996050347,1.0,0.1,5,200,6,0.8,"{'colsample_bytree': 1.0, 'learning_rate': 0.1, 'max_depth': 5, 'n_estimators': 200, 'scale_pos_weight': 6, 'subsample': 0.8}",0.8239543103697354,0.8397997707813659,0.8564855390008763,0.81599185214435,0.8186114936772255,0.8309685931947108,0.015200691203791816,359
0.29744181632995603,0.03758376140989325,0.009201478958129884,0.0009784763249523149,1.0,0.1,5,200,6,1.0,"{'colsample_bytree': 1.0, 'learning_rate': 0.1, 'max_depth': 5, 'n_estimators': 200, 'scale_pos_weight': 6, 'subsample': 1.0}",0.8260562837688167,0.838928162109582,0.8546761082913581,0.817718215176585,0.8223435197580684,0.831944457820882,0.01337710464810464,347
0.5375214099884034,0.05577463683341093,0.013596773147583008,0.003257429189481441,1.0,0.1,5,300,1,0.8,"{'colsample_bytree': 1.0, 'learning_rate': 0.1, 'max_depth': 5, 'n_estimators': 300, 'scale_pos_weight': 1, 'subsample': 0.8}",0.8203763808496499,0.8409314173994279,0.8475383074419007,0.8203354489506988,0.8225048395951112,0.8303372788473578,0.011564725255822703,368
0.3403578281402588,0.010691600491240535,0.015617990493774414,0.0036280748931258803,1.0,0.1,5,300,1,1.0,"{'colsample_bytree': 1.0, 'learning_rate': 0.1, 'max_depth': 5, 'n_estimators': 300, 'scale_pos_weight': 1, 'subsample': 1.0}",0.820737544663925,0.8332747445367954,0.8520239620151977,0.8196107135633867,0.825283393206268,0.8301860715971145,0.011929647711423332,369
0.510918378829956,0.03238109108160918,0.013121795654296876,0.0024637636801163837,1.0,0.1,5,300,2,0.8,"{'colsample_bytree': 1.0, 'learning_rate': 0.1, 'max_depth': 5, 'n_estimators': 300, 'scale_pos_weight': 2, 'subsample': 0.8}",0.8204654679238377,0.8392580250599533,0.8483834307673045,0.810983713919735,0.8183394169371383,0.8274860109215938,0.014003974328161391,387
0.39932565689086913,0.023007523694630078,0.01200118064880371,0.0010989798678154301,1.0,0.1,5,300,2,1.0,"{'colsample_bytree': 1.0, 'learning_rate': 0.1, 'max_depth': 5, 'n_estimators': 300, 'scale_pos_weight': 2, 'subsample': 1.0}",0.8202800704991766,0.8356861149367724,0.8526379404994655,0.81448218740068,0.8257143820246362,0.8297601390721463,0.013402735881955773,373
0.5335701465606689,0.06348795463183927,0.016510152816772462,0.006082725351084274,1.0,0.1,5,300,4,0.8,"{'colsample_bytree': 1.0, 'learning_rate': 0.1, 'max_depth': 5, 'n_estimators': 300, 'scale_pos_weight': 4, 'subsample': 0.8}",0.8154525141816991,0.8328654255472836,0.8450125685007368,0.8131579200816711,0.8140391597885024,0.8241055176199786,0.01272711030658908,407
0.3969466209411621,0.020888096028560156,0.012053537368774413,0.0012239767153562557,1.0,0.1,5,300,4,1.0,"{'colsample_bytree': 1.0, 'learning_rate': 0.1, 'max_depth': 5, 'n_estimators': 300, 'scale_pos_weight': 4, 'subsample': 1.0}",0.8194301316562493,0.8363903843746087,0.8485158574992056,0.8155560478084579,0.8213731929770492,0.8282531228631141,0.01235465712884226,383
0.4846355438232422,0.03987877001947103,0.013371086120605469,0.002223200672642709,1.0,0.1,5,300,6,0.8,"{'colsample_bytree': 1.0, 'learning_rate': 0.1, 'max_depth': 5, 'n_estimators': 300, 'scale_pos_weight': 6, 'subsample': 0.8}",0.8171909160077435,0.8312763047644731,0.8455398676695784,0.8132108907744315,0.8114267415319124,0.8237289441496278,0.012941394709060739,410
0.3406969547271729,0.02897827285777819,0.01359415054321289,0.0019147542356336869,1.0,0.1,5,300,6,1.0,"{'colsample_bytree': 1.0, 'learning_rate': 0.1, 'max_depth': 5, 'n_estimators': 300, 'scale_pos_weight': 6, 'subsample': 1.0}",0.8183514557309474,0.8335588600706918,0.8480656066107426,0.8140054511658369,0.8149348460479048,0.8257832439252247,0.013180284578437115,398
0.26504716873168943,0.018428903453020697,0.009968757629394531,0.001437561575558435,1.0,0.1,7,100,1,0.8,"{'colsample_bytree': 1.0, 'learning_rate': 0.1, 'max_depth': 7, 'n_estimators': 100, 'scale_pos_weight': 1, 'subsample': 0.8}",0.8270916200364054,0.8393976750681397,0.8540657414452331,0.8241950862459188,0.827168668316784,0.8343837582224962,0.011149544062731635,316
0.23973822593688965,0.01761940803558353,0.008725214004516601,0.0011644071419887787,1.0,0.1,7,100,1,1.0,"{'colsample_bytree': 1.0, 'learning_rate': 0.1, 'max_depth': 7, 'n_estimators': 100, 'scale_pos_weight': 1, 'subsample': 1.0}",0.8273733278115398,0.8370452947578275,0.8518193025204418,0.8162904142308174,0.8303998805751654,0.8325856439791585,0.011724354310502892,337
0.3057727336883545,0.020764326323461965,0.011201190948486327,0.0020384233612181987,1.0,0.1,7,100,2,0.8,"{'colsample_bytree': 1.0, 'learning_rate': 0.1, 'max_depth': 7, 'n_estimators': 100, 'scale_pos_weight': 2, 'subsample': 0.8}",0.8261116622203388,0.8386296000231146,0.8545232156099816,0.8201693135961322,0.8204076817135538,0.8319682946326241,0.013116869425109926,346
0.3138440132141113,0.05263334576672767,0.01320509910583496,0.0033099006396366394,1.0,0.1,7,100,2,1.0,"{'colsample_bytree': 1.0, 'learning_rate': 0.1, 'max_depth': 7, 'n_estimators': 100, 'scale_pos_weight': 2, 'subsample': 1.0}",0.826181487224432,0.8387331336498733,0.8506876559023797,0.8152334081343722,0.8278596950814303,0.8317390759984974,0.01205270910398755,348
0.41119914054870604,0.050542812840503916,0.00933837890625,0.0004912385105546736,1.0,0.1,7,100,4,0.8,"{'colsample_bytree': 1.0, 'learning_rate': 0.1, 'max_depth': 7, 'n_estimators': 100, 'scale_pos_weight': 4, 'subsample': 0.8}",0.8187968911018867,0.8401488958018317,0.8467461548092573,0.8133794338877599,0.8278428407700976,0.8293828432741666,0.012553370683512255,378
0.3308548450469971,0.039024215362337245,0.009401082992553711,0.0013550538180662748,1.0,0.1,7,100,4,1.0,"{'colsample_bytree': 1.0, 'learning_rate': 0.1, 'max_depth': 7, 'n_estimators': 100, 'scale_pos_weight': 4, 'subsample': 1.0}",0.8231477111845211,0.839491577659851,0.852864269823078,0.8163770935462434,0.8300098236557483,0.8323780951738883,0.012783784545258043,339
0.30302987098693845,0.0066015395886947275,0.009393453598022461,0.0004909084745044256,1.0,0.1,7,100,6,0.8,"{'colsample_bytree': 1.0, 'learning_rate': 0.1, 'max_depth': 7, 'n_estimators': 100, 'scale_pos_weight': 6, 'subsample': 0.8}",0.8224831697662549,0.8345893808207568,0.8498834644759272,0.8139187718504108,0.8275418709248683,0.8296833315676437,0.012141369078610749,375
0.2811278820037842,0.022662386981409075,0.01064438819885254,0.001870445447077318,1.0,0.1,7,100,6,1.0,"{'colsample_bytree': 1.0, 'learning_rate': 0.1, 'max_depth': 7, 'n_estimators': 100, 'scale_pos_weight': 6, 'subsample': 1.0}",0.8223242576879738,0.8388414827941559,0.8501459101809672,0.8121731467480809,0.8286602748697401,0.8304290144561837,0.01312720707790973,366
0.5630058288574219,0.05873477896959542,0.020946359634399413,0.008383486107794817,1.0,0.1,7,200,1,0.8,"{'colsample_bytree': 1.0, 'learning_rate': 0.1, 'max_depth': 7, 'n_estimators': 200, 'scale_pos_weight': 1, 'subsample': 0.8}",0.8172462944592656,0.8341006057921044,0.8455663530159586,0.8145905365449626,0.816092978012347,0.8255193535649277,0.012265880981454272,402
0.45560803413391116,0.051207001324865796,0.016452217102050783,0.003937509674375767,1.0,0.1,7,200,1,1.0,"{'colsample_bytree': 1.0, 'learning_rate': 0.1, 'max_depth': 7, 'n_estimators': 200, 'scale_pos_weight': 1, 'subsample': 1.0}",0.8168201211584208,0.8325451936319596,0.8466594754938312,0.8124837476283576,0.8228611878918627,0.8262739451608864,0.012215479137343593,396
0.7310693740844727,0.04927602278155775,0.013201713562011719,0.0011677772378628887,1.0,0.1,7,200,2,0.8,"{'colsample_bytree': 1.0, 'learning_rate': 0.1, 'max_depth': 7, 'n_estimators': 200, 'scale_pos_weight': 2, 'subsample': 0.8}",0.8141691787616415,0.8329328427926148,0.8430044976933672,0.8116675174080958,0.8049667247739115,0.8213481522859262,0.0142604759413828,415
0.5987085342407227,0.010097903588070493,0.014261531829833984,0.002897867037837681,1.0,0.1,7,200,2,1.0,"{'colsample_bytree': 1.0, 'learning_rate': 0.1, 'max_depth': 7, 'n_estimators': 200, 'scale_pos_weight': 2, 'subsample': 1.0}",0.8175183711993528,0.8301278038350781,0.8409362329169515,0.810345657847849,0.8202319153239399,0.8238319962246343,0.010647965745240654,408
0.7246034145355225,0.03233676033048735,0.01401057243347168,0.0017963096411277122,1.0,0.1,7,200,4,0.8,"{'colsample_bytree': 1.0, 'learning_rate': 0.1, 'max_depth': 7, 'n_estimators': 200, 'scale_pos_weight': 4, 'subsample': 0.8}",0.8107405302847898,0.8325548246670069,0.8389474241796766,0.8013189702497328,0.8097124172934865,0.8186548333349386,0.01447849542294044,426
0.5422309398651123,0.07551440566643641,0.01460404396057129,0.002330145491963566,1.0,0.1,7,200,4,1.0,"{'colsample_bytree': 1.0, 'learning_rate': 0.1, 'max_depth': 7, 'n_estimators': 200, 'scale_pos_weight': 4, 'subsample': 1.0}",0.8154645529755082,0.8334360643738383,0.8444106288102782,0.8115206441236239,0.819620344598434,0.8248904469763365,0.012242860455330348,403
0.7539523601531982,0.05558021858208185,0.013176488876342773,0.0010522431638180661,1.0,0.1,7,200,6,0.8,"{'colsample_bytree': 1.0, 'learning_rate': 0.1, 'max_depth': 7, 'n_estimators': 200, 'scale_pos_weight': 6, 'subsample': 0.8}",0.8123513208964568,0.8329641436565187,0.8413696294940817,0.8062043127774943,0.8132843274166675,0.8212347468482438,0.013498374885753108,416
0.6058528423309326,0.0318741274746292,0.013001298904418946,0.001093158920519294,1.0,0.1,7,200,6,1.0,"{'colsample_bytree': 1.0, 'learning_rate': 0.1, 'max_depth': 7, 'n_estimators': 200, 'scale_pos_weight': 6, 'subsample': 1.0}",0.8134396278568058,0.8331254634935615,0.8380132137800849,0.8043407074958345,0.8172535177355511,0.8212345060723676,0.012529395241682159,417
0.8360474586486817,0.06770346048425899,0.024371957778930663,0.005744663691030974,1.0,0.1,7,300,1,0.8,"{'colsample_bytree': 1.0, 'learning_rate': 0.1, 'max_depth': 7, 'n_estimators': 300, 'scale_pos_weight': 1, 'subsample': 0.8}",0.8112052277258238,0.828040276988568,0.8373101482216294,0.8096281457368224,0.8028960522387341,0.8178159701823156,0.012789884780687658,427
0.6138256549835205,0.025796886470357223,0.027177047729492188,0.014016460046376805,1.0,0.1,7,300,1,1.0,"{'colsample_bytree': 1.0, 'learning_rate': 0.1, 'max_depth': 7, 'n_estimators': 300, 'scale_pos_weight': 1, 'subsample': 1.0}",0.8127269312633029,0.8286951873717868,0.8378326318729474,0.8101530371469022,0.8181154953722878,0.8215046566054454,0.01035085165013842,414
0.9045509338378906,0.04512846436675695,0.021640682220458986,0.002976215713830384,1.0,0.1,7,300,2,0.8,"{'colsample_bytree': 1.0, 'learning_rate': 0.1, 'max_depth': 7, 'n_estimators': 300, 'scale_pos_weight': 2, 'subsample': 0.8}",0.8098544750604348,0.8283484701100827,0.8388174052065376,0.804148086794888,0.7978686519440243,0.8158074178231935,0.015361734021106304,431
0.7484275341033936,0.0762170227973107,0.017199039459228516,0.000979090643794874,1.0,0.1,7,300,2,1.0,"{'colsample_bytree': 1.0, 'learning_rate': 0.1, 'max_depth': 7, 'n_estimators': 300, 'scale_pos_weight': 2, 'subsample': 1.0}",0.8130423476611031,0.8252617233774113,0.8393350733403319,0.807557473201645,0.8169742177191782,0.8204341670599339,0.011072208870902205,420
0.9157033443450928,0.0582838499245301,0.01925187110900879,0.0031495143369106556,1.0,0.1,7,300,4,0.8,"{'colsample_bytree': 1.0, 'learning_rate': 0.1, 'max_depth': 7, 'n_estimators': 300, 'scale_pos_weight': 4, 'subsample': 0.8}",0.8091417784669318,0.8275250166135354,0.8333349385058412,0.7965323458312066,0.8003462357099517,0.8133760630254934,0.014628506229915739,432
0.7761408805847168,0.04917080605517667,0.019617795944213867,0.0034774847508405654,1.0,0.1,7,300,4,1.0,"{'colsample_bytree': 1.0, 'learning_rate': 0.1, 'max_depth': 7, 'n_estimators': 300, 'scale_pos_weight': 4, 'subsample': 1.0}",0.8110752087526847,0.8310162668181951,0.8383527077655034,0.8089250801783667,0.813319239918714,0.8205377006866929,0.011863159022121818,419
0.8627674579620361,0.08084208719423866,0.01602482795715332,0.00211977663974216,1.0,0.1,7,300,6,0.8,"{'colsample_bytree': 1.0, 'learning_rate': 0.1, 'max_depth': 7, 'n_estimators': 300, 'scale_pos_weight': 6, 'subsample': 0.8}",0.8100615423139526,0.8282377132070384,0.8337105488726873,0.8035485548631912,0.804131232483555,0.8159379183480848,0.01260616756429486,430
0.5783651828765869,0.0386759678609354,0.009999990463256836,0.0030364518148440173,1.0,0.1,7,300,6,1.0,"{'colsample_bytree': 1.0, 'learning_rate': 0.1, 'max_depth': 7, 'n_estimators': 300, 'scale_pos_weight': 6, 'subsample': 1.0}",0.8054266066974218,0.8323152526702046,0.8320082634280707,0.8004256917490923,0.8105455018250812,0.816144263273974,0.013464435985064672,429
