value,count,share
Fruits and Fruit Juices,23,0.323943661971831
Vegetables and Vegetable Products,17,0.23943661971830985
Cakes and pies,12,0.16901408450704225
Yeast breads,11,0.15492957746478872
Beverages,8,0.11267605633802817
