experiment_id,dataset,seed,model_summary,optimizer,lr,momentum,weight_decay,epochs_trained,best_val_accuracy,best_val_loss
E1,EMNIST,42,"MLP(256,128)",Adam,0.001,,0.0,20,0.8354609929078014,0.5125884306346271
E2,EMNIST,42,"MLP(256,128), dropout=0.3",Adam,0.001,,0.0,20,0.8291223404255319,0.5199084018139128
E3,EMNIST,42,"MLP(256,128), BatchNorm",Adam,0.001,,0.0,20,0.8494680851063829,0.46482009101421273
E4,EMNIST,42,"MLP(256,128), BatchNorm, EarlyStopping (patience=4, min_delta=0.0005)",Adam,0.001,,0.0,14,0.847872340425532,0.4731839566366047
O1,EMNIST,42,"MLP(256,128), BatchNorm, lr=0.1",Adam,0.1,,0.0,6,0.7979166666666667,0.63958812791405
O2,EMNIST,42,"MLP(256,128), BatchNorm, lr=1e-5",Adam,1e-05,,0.0,6,0.6379875886524823,1.9112437863721916
O3,EMNIST,42,"MLP(256,128), BatchNorm",SGD,0.001,0.9,0.0001,15,0.8409574468085106,0.4931221625483628
